customer_id,register_date,gender,age,city,membership_level,total_orders,total_amount,last_purchase_date,avg_monthly_visits
C0001,2025-08-02,男,32,深圳,银卡,12,1927.32,2025-12-01,39
C0002,2022-08-17,女,29,苏州,普通,18,4175.96,2025-12-22,44
C0003,2022-02-21,女,33,上海,银卡,19,5295.68,2025-12-21,1
C0004,2023-07-18,女,41,武汉,黑卡,88,20336.52,2025-09-26,29
C0005,2023-05-17,男,36,北京,银卡,22,3185.16,2025-12-13,29
C0006,2023-04-03,男,25,杭州,金卡,38,10939.04,2025-12-26,11
C0007,2022-10-13,男,38,上海,金卡,29,13384.41,2025-10-02,9
C0008,2022-07-29,女,34,广州,普通,2,766.4,2025-12-21,43
C0009,2025-10-17,女,40,北京,黑卡,92,20426.71,2025-12-10,10
C0010,2025-01-21,女,22,上海,普通,10,4288.98,2025-12-24,14
C0011,2022-06-28,男,39,武汉,银卡,43,6217.07,2025-09-06,15
C0012,2025-04-24,女,33,杭州,普通,19,3419.67,2025-08-26,16
C0013,2024-05-14,女,23,上海,普通,10,2309.68,2025-12-15,25
C0014,2022-03-07,男,25,成都,银卡,33,6650.93,2025-12-21,1
C0015,2022-03-03,男,42,杭州,普通,4,1618.7,2025-12-15,49
C0016,2022-07-11,男,35,广州,银卡,34,13394.57,2025-12-09,11
C0017,2023-03-24,男,42,武汉,银卡,49,11128.38,2025-07-12,50
C0018,2023-04-22,女,29,苏州,普通,10,5764.98,2025-12-25,25
C0019,2024-10-31,女,32,西安,普通,13,5674.9,2025-12-18,22
C0020,2025-05-17,男,44,西安,银卡,22,4413.19,2025-12-16,17
C0021,2022-02-24,女,43,西安,普通,17,9120.82,2025-08-07,31
C0022,2025-02-23,男,26,北京,金卡,89,8368.28,2025-12-23,48
C0023,2023-02-12,男,30,广州,金卡,83,20164.72,2025-12-12,37
C0024,2025-08-23,男,43,武汉,金卡,76,38454.57,2025-07-05,46
C0025,2025-12-07,女,32,杭州,金卡,30,4641.78,2025-12-28,2
C0026,2025-01-21,女,27,北京,银卡,43,6026.64,2025-12-05,37
C0027,2024-05-09,男,33,广州,金卡,25,11041.81,2025-12-06,2
C0028,2023-03-28,女,24,苏州,普通,14,797.76,2025-12-13,29
C0029,2024-07-08,女,34,成都,普通,11,2078.33,2025-08-14,0
C0030,2025-04-21,男,40,武汉,金卡,97,21721.39,2025-12-17,29
C0031,2023-07-24,女,43,西安,银卡,21,5804.49,2025-12-09,44
C0032,2022-01-14,男,38,上海,金卡,23,3154.86,2025-12-15,31
C0033,2022-11-23,男,39,武汉,金卡,31,7029.7,2025-12-23,27
C0034,2025-11-30,女,43,南京,金卡,49,17911.06,2025-12-28,20
C0035,2024-05-15,女,24,广州,黑卡,197,23918.57,2025-12-03,45
C0036,2023-11-28,女,31,深圳,银卡,42,9837.06,2025-12-14,12
C0037,2023-07-24,男,32,苏州,普通,1,172.77,2025-12-14,26
C0038,2022-11-15,男,38,成都,银卡,48,4200.93,2025-12-09,35
C0039,2023-03-17,女,24,苏州,银卡,22,3188.78,2025-12-26,6
C0040,2023-11-21,女,26,武汉,银卡,41,11849.96,2025-08-06,21
C0041,2022-07-29,男,36,深圳,金卡,25,2487.95,2025-09-11,9
C0042,2022-07-09,女,33,南京,金卡,42,8313.29,2025-12-05,38
C0043,2024-02-18,男,25,杭州,银卡,35,6669.91,2025-09-27,14
C0044,2022-07-18,女,35,上海,普通,17,3590.54,2025-12-09,14
C0045,2024-01-06,男,44,深圳,银卡,46,12185.47,2025-12-04,3
C0046,2023-12-06,女,40,广州,普通,15,2036.92,2025-12-04,31
C0047,2025-05-21,男,35,西安,金卡,55,13431.36,2025-12-20,22
C0048,2023-06-26,女,37,南京,普通,6,2435.33,2025-12-01,5
C0049,2022-03-30,女,24,上海,普通,19,2007.83,2025-12-28,23
C0050,2024-07-29,男,20,成都,普通,14,8061.36,2025-12-18,19
C0051,2025-01-03,女,35,西安,银卡,45,16521.18,2025-12-03,36
C0052,2022-09-13,女,44,武汉,银卡,36,3047.76,2025-08-05,19
C0053,2024-02-15,女,27,深圳,普通,3,686.98,2025-12-30,11
C0054,2022-06-11,女,24,上海,普通,16,6696.9,2025-12-11,32
C0055,2025-02-04,女,34,北京,银卡,27,13057.04,2025-12-05,27
C0056,2023-08-24,女,31,杭州,普通,14,4577.77,2025-12-17,7
C0057,2025-07-11,男,41,杭州,金卡,62,14621.03,2025-07-22,0
C0058,2025-06-20,男,20,南京,银卡,25,3343.35,2025-12-06,36
C0059,2024-01-11,男,29,成都,银卡,47,18295.95,2025-12-27,21
C0060,2025-03-28,男,45,南京,普通,4,1811.66,2025-12-12,5
C0061,2023-01-29,男,30,北京,黑卡,91,21754.13,2025-12-05,20
C0062,2025-12-13,男,19,广州,银卡,26,6107.32,2025-07-26,31
C0063,2022-05-23,女,20,成都,金卡,72,20364.02,2025-12-02,34
C0064,2022-04-04,男,22,苏州,普通,16,1242.75,2025-12-18,14
C0065,2025-09-16,男,28,广州,银卡,23,6981.86,2025-12-12,4
C0066,2023-04-12,女,25,成都,普通,13,5387.63,2025-12-29,45
C0067,2023-08-16,男,43,成都,银卡,40,11519.72,2025-08-12,49
C0068,2022-06-13,女,40,北京,黑卡,59,28621.56,2025-07-17,47
C0069,2023-04-22,男,40,武汉,银卡,34,4608.38,2025-12-18,5
C0070,2022-07-26,女,29,北京,普通,3,940.84,2025-08-21,24
C0071,2024-02-18,女,24,成都,普通,11,3396.23,2025-12-29,45
C0072,2023-07-24,男,32,上海,银卡,21,4040.43,2025-12-01,39
C0073,2024-07-17,男,41,广州,普通,11,5798.52,2025-08-16,28
C0074,2025-07-25,女,34,北京,普通,4,1560.95,2025-08-25,6
C0075,2024-01-18,女,21,武汉,金卡,71,37319.17,2025-12-04,39
C0076,2022-11-30,女,39,深圳,银卡,37,10038.49,2025-12-08,12
C0077,2024-01-29,女,42,南京,普通,1,406.15,2025-12-03,37
C0078,2023-12-29,男,30,成都,黑卡,188,21397.82,2025-08-25,17
C0079,2023-03-06,男,35,苏州,普通,15,2662.53,2025-12-16,1
C0080,2025-10-04,男,18,深圳,黑卡,155,39120.06,2025-12-20,7
C0081,2023-07-01,女,33,杭州,普通,2,309.68,2025-08-10,10
C0082,2025-12-08,女,30,西安,金卡,44,16049.47,2025-12-28,32
C0083,2025-10-31,男,27,武汉,银卡,38,15262.16,2025-09-05,37
C0084,2025-08-20,男,29,苏州,金卡,66,10434.83,2025-12-17,47
C0085,2022-05-27,男,19,西安,黑卡,177,53462.34,2025-12-06,26
C0086,2025-06-01,男,40,武汉,普通,15,5112.27,2025-12-19,19
C0087,2025-07-24,女,20,上海,黑卡,63,17039.67,2025-12-14,11
C0088,2022-12-17,女,27,南京,银卡,18,5902.16,2025-12-28,42
C0089,2024-12-29,女,19,深圳,银卡,22,6578.05,2025-12-14,30
C0090,2023-05-17,女,44,广州,普通,18,7312.85,2025-12-06,26
C0091,2022-12-01,男,40,武汉,银卡,13,4363.87,2025-12-02,31
C0092,2024-08-04,女,30,广州,普通,10,2759.69,2025-12-25,9
C0093,2024-02-17,女,30,南京,银卡,33,13173.07,2025-09-07,2
C0094,2023-07-07,女,35,成都,银卡,49,4218.78,2025-12-23,44
C0095,2025-08-03,女,20,杭州,金卡,82,37526.03,2025-09-26,26
C0096,2025-11-10,女,44,深圳,金卡,35,11854.35,2025-12-08,34
C0097,2025-02-14,女,24,南京,银卡,6,1983.53,2025-08-16,30
C0098,2023-03-26,女,31,南京,普通,20,6123.34,2025-12-14,14
C0099,2025-11-03,男,37,上海,普通,8,3022.11,2025-12-01,15
C0100,2023-10-27,男,34,西安,普通,6,2682.27,2025-09-29,12
C0101,2022-04-25,男,38,杭州,普通,10,2666.91,2025-08-01,48
C0102,2023-04-15,女,29,深圳,普通,18,8950.69,2025-12-25,34
C0103,2022-03-07,男,42,成都,普通,1,198.25,2025-12-15,10
C0104,2023-10-09,女,33,成都,黑卡,191,63265.7,2025-12-19,20
C0105,2024-04-01,女,41,北京,银卡,31,8237.27,2025-12-04,50
C0106,2023-07-03,男,29,南京,普通,3,759.07,2025-12-07,10
C0107,2022-05-16,女,32,武汉,银卡,19,5865.08,2025-12-28,29
C0108,2023-03-09,女,42,上海,普通,4,2135.55,2025-08-14,47
C0109,2025-03-07,男,27,杭州,银卡,34,17270.78,2025-07-21,34
C0110,2023-10-07,男,42,成都,银卡,12,3227.69,2025-12-24,21
C0111,2023-03-12,男,24,深圳,银卡,46,5892.36,2025-12-10,37
C0112,2025-09-04,男,37,北京,银卡,14,4490.06,2025-09-06,30
C0113,2024-10-19,女,22,深圳,黑卡,177,33806.3,2025-08-11,13
C0114,2024-03-21,女,18,上海,金卡,57,5790.22,2025-12-03,23
C0115,2025-08-09,女,34,武汉,银卡,37,5576.56,2025-12-06,49
C0116,2024-07-28,女,20,北京,银卡,50,3435.32,2025-12-15,48
C0117,2022-10-20,女,30,北京,银卡,22,6200.34,2025-12-10,31
C0118,2023-06-27,男,31,西安,普通,14,3323.84,2025-10-01,35
C0119,2022-10-13,女,41,杭州,银卡,35,20031.75,2025-07-17,31
C0120,2023-05-21,女,35,北京,普通,16,6941.34,2025-12-21,14
C0121,2025-02-23,女,21,西安,银卡,20,7510.31,2025-12-08,42
C0122,2025-01-08,女,35,西安,银卡,34,5524.03,2025-12-17,34
C0123,2023-06-23,男,22,上海,普通,18,6579.15,2025-12-03,2
C0124,2025-04-12,男,42,广州,黑卡,87,25130.53,2025-12-22,15
C0125,2024-05-27,男,33,深圳,黑卡,148,30603.77,2025-08-25,4
C0126,2025-04-10,女,18,武汉,金卡,44,4976.27,2025-12-04,20
C0127,2024-03-28,女,38,苏州,银卡,43,13017.43,2025-12-12,9
C0128,2024-01-12,女,31,深圳,金卡,85,13029.48,2025-07-29,18
C0129,2023-03-26,男,32,北京,普通,5,942.38,2025-12-04,24
C0130,2022-10-11,女,26,武汉,金卡,28,5420.91,2025-12-13,3
C0131,2024-11-09,女,32,成都,普通,9,4596.12,2025-12-11,28
C0132,2024-10-07,男,34,广州,金卡,73,19355.72,2025-07-07,18
C0133,2022-07-06,男,42,成都,普通,11,676.49,2025-09-24,42
C0134,2022-04-07,男,41,成都,金卡,84,19359.06,2025-12-22,1
C0135,2022-08-13,女,21,杭州,黑卡,118,23816.6,2025-12-03,9
C0136,2022-11-10,男,29,深圳,普通,1,423.93,2025-07-11,42
C0137,2025-07-09,女,44,苏州,银卡,23,1612.23,2025-12-02,24
C0138,2022-11-24,女,43,上海,黑卡,126,44028.41,2025-12-24,19
C0139,2025-10-25,男,22,苏州,银卡,42,10080.12,2025-09-02,47
C0140,2024-05-14,女,22,成都,金卡,94,7806.22,2025-12-05,18
C0141,2025-05-06,女,28,北京,银卡,47,14551.82,2025-12-05,22
C0142,2022-05-11,男,45,广州,银卡,36,7852.11,2025-12-09,23
C0143,2024-02-28,女,23,南京,普通,5,1978.13,2025-12-26,10
C0144,2024-02-21,男,24,苏州,普通,15,1404.92,2025-12-10,45
C0145,2025-05-05,男,41,成都,金卡,88,8342.28,2025-12-21,33
C0146,2024-08-16,男,31,广州,银卡,35,19067.65,2025-08-10,27
C0147,2024-12-19,女,41,武汉,银卡,27,10633.12,2025-12-07,4
C0148,2023-05-30,女,28,深圳,银卡,26,9722.97,2025-07-04,4
C0149,2025-02-07,男,30,西安,银卡,40,14372.25,2025-12-04,50
C0150,2022-01-24,男,19,杭州,金卡,89,22225.72,2025-09-04,20
C0151,2025-10-25,女,42,广州,黑卡,146,8611.4,2025-12-10,11
C0152,2022-08-23,男,24,北京,银卡,34,8389.47,2025-12-01,49
C0153,2025-10-28,男,37,北京,金卡,61,18884.41,2025-12-19,3
C0154,2025-01-04,女,21,广州,金卡,44,18330.88,2025-12-03,48
C0155,2023-07-01,女,44,北京,银卡,49,5521.0,2025-07-10,41
C0156,2025-08-05,男,25,深圳,黑卡,111,37368.21,2025-12-25,19
C0157,2023-11-28,女,37,北京,普通,19,5704.9,2025-08-03,37
C0158,2022-08-17,女,39,苏州,普通,13,6326.49,2025-08-30,24
C0159,2023-08-25,男,38,西安,金卡,49,16164.9,2025-12-13,13
C0160,2024-06-09,女,36,北京,银卡,31,14751.1,2025-12-25,10
C0161,2022-11-20,男,30,西安,金卡,25,8126.22,2025-12-02,31
C0162,2024-07-18,女,31,成都,金卡,60,12057.68,2025-12-28,10
C0163,2022-01-07,女,27,上海,普通,16,879.13,2025-09-04,17
C0164,2023-06-24,女,28,深圳,金卡,68,22608.21,2025-12-21,26
C0165,2024-10-22,男,19,上海,银卡,29,7882.36,2025-12-02,17
C0166,2023-01-01,女,42,成都,银卡,47,24905.05,2025-12-22,22
C0167,2024-11-05,男,43,深圳,银卡,46,24532.16,2025-12-16,10
C0168,2022-08-06,男,26,广州,黑卡,88,5758.91,2025-12-15,20
C0169,2025-07-04,男,34,广州,普通,16,3513.01,2025-07-13,43
C0170,2023-09-04,女,43,西安,银卡,7,3744.79,2025-12-11,4
C0171,2025-08-01,女,20,成都,金卡,36,12842.81,2025-09-08,22
C0172,2024-11-05,男,41,西安,金卡,84,28879.8,2025-12-03,40
C0173,2025-06-01,女,23,杭州,金卡,95,24331.44,2025-12-14,24
C0174,2023-02-12,男,22,北京,普通,11,4454.03,2025-09-26,40
C0175,2022-11-10,女,22,南京,普通,4,2027.46,2025-12-26,9
C0176,2024-02-05,男,39,杭州,银卡,33,4655.74,2025-09-07,21
C0177,2022-11-27,女,32,北京,金卡,32,4524.71,2025-12-12,18
C0178,2025-01-09,男,40,深圳,普通,17,5853.69,2025-12-16,0
C0179,2024-12-22,女,34,西安,普通,15,864.13,2025-09-09,6
C0180,2022-01-02,男,26,深圳,黑卡,53,12041.13,2025-12-15,3
C0181,2025-05-11,男,20,深圳,普通,5,1776.34,2025-12-25,0
C0182,2023-10-26,男,37,北京,黑卡,154,52307.12,2025-12-29,14
C0183,2024-09-27,女,43,成都,金卡,39,13041.44,2025-08-28,39
C0184,2022-02-09,女,34,北京,金卡,29,13477.73,2025-09-11,11
C0185,2022-08-18,男,44,武汉,普通,16,5624.01,2025-12-25,21
C0186,2024-01-14,女,27,广州,普通,9,1438.19,2025-12-06,21
C0187,2023-09-22,女,20,广州,金卡,63,24294.98,2025-12-26,49
C0188,2023-05-06,女,35,杭州,金卡,99,22173.15,2025-12-10,46
C0189,2022-04-29,女,35,广州,金卡,70,9504.14,2025-12-17,16
C0190,2023-05-09,男,34,北京,普通,3,905.08,2025-12-18,28
C0191,2025-03-07,男,41,苏州,金卡,62,15329.52,2025-07-26,45
C0192,2022-06-11,女,20,西安,金卡,88,47313.61,2025-08-16,13
C0193,2022-06-25,女,20,北京,金卡,68,28902.29,2025-12-02,49
C0194,2024-09-22,女,23,北京,金卡,60,11588.74,2025-12-04,19
C0195,2022-05-22,男,30,南京,金卡,100,17507.44,2025-12-30,49
C0196,2024-12-26,男,41,西安,银卡,50,9823.05,2025-12-10,47
C0197,2022-09-15,女,32,武汉,普通,16,3106.21,2025-12-23,32
C0198,2022-09-20,女,42,广州,银卡,39,8732.52,2025-12-19,42
C0199,2025-09-13,女,26,西安,普通,2,723.99,2025-12-27,14
C0200,2024-08-31,女,21,广州,银卡,44,17960.65,2025-12-12,11
C0201,2025-01-30,女,31,杭州,银卡,9,2494.43,2025-12-28,39
C0202,2022-12-05,男,22,西安,普通,8,3980.16,2025-12-21,19
C0203,2023-06-27,男,19,广州,普通,10,1672.04,2025-12-16,29
C0204,2024-12-16,女,28,武汉,普通,8,3222.73,2025-12-11,37
C0205,2025-05-27,女,26,上海,金卡,31,8806.87,2025-12-17,2
C0206,2024-05-16,男,41,深圳,黑卡,161,80374.68,2025-12-26,27
C0207,2023-03-10,男,20,深圳,普通,4,646.93,2025-12-02,25
C0208,2025-01-09,女,44,武汉,黑卡,75,25883.92,2025-12-06,29
C0209,2025-11-13,男,45,南京,银卡,33,9676.24,2025-08-12,12
C0210,2023-02-16,男,26,上海,普通,6,2570.31,2025-09-04,12
C0211,2025-12-31,女,20,杭州,普通,10,1730.71,2025-12-26,1
C0212,2023-10-01,女,42,武汉,银卡,6,1323.38,2025-09-30,36
C0213,2024-03-28,女,19,深圳,金卡,25,9222.78,2025-12-25,48
C0214,2025-10-07,男,29,深圳,金卡,61,6701.36,2025-07-11,37
C0215,2025-08-23,女,27,深圳,普通,2,627.0,2025-12-18,1
C0216,2024-02-04,男,26,成都,普通,10,800.95,2025-12-22,35
C0217,2024-06-16,男,32,武汉,银卡,27,7715.96,2025-12-11,25
C0218,2024-11-25,女,25,北京,普通,12,1664.98,2025-09-26,10
C0219,2024-07-13,女,42,杭州,普通,14,3405.96,2025-12-10,7
C0220,2022-09-05,女,22,深圳,普通,5,1222.52,2025-12-29,43
C0221,2023-05-23,女,28,广州,金卡,51,19360.32,2025-12-17,39
C0222,2023-04-06,女,44,武汉,黑卡,185,72940.94,2025-12-27,42
C0223,2022-05-12,男,19,成都,银卡,31,3879.93,2025-12-15,21
C0224,2023-11-24,男,41,武汉,黑卡,194,111681.91,2025-12-24,19
C0225,2022-02-13,男,45,杭州,普通,6,1870.22,2025-12-10,7
C0226,2025-04-19,男,32,成都,银卡,15,7771.38,2025-08-10,28
C0227,2025-02-08,女,23,杭州,普通,6,1173.79,2025-12-09,39
C0228,2023-04-17,男,25,武汉,银卡,10,930.54,2025-12-11,25
C0229,2025-04-20,女,44,北京,黑卡,147,14815.74,2025-12-26,29
C0230,2023-03-28,女,22,杭州,银卡,44,7495.94,2025-12-02,16
C0231,2022-01-15,女,33,成都,银卡,48,22985.09,2025-07-15,19
C0232,2022-05-26,女,43,成都,银卡,20,1608.1,2025-09-18,15
C0233,2025-12-20,女,35,杭州,普通,16,2150.95,2025-12-15,45
C0234,2025-07-16,女,23,苏州,金卡,94,39105.02,2025-09-07,42
C0235,2022-05-01,男,22,武汉,银卡,14,1141.32,2025-12-04,6
C0236,2023-04-14,女,45,苏州,银卡,19,5360.69,2025-12-24,15
C0237,2022-05-19,男,33,南京,银卡,34,5790.99,2025-12-17,44
C0238,2022-03-06,男,30,武汉,银卡,45,26123.68,2025-09-27,46
C0239,2023-11-08,女,45,杭州,普通,9,3652.77,2025-12-01,47
C0240,2022-05-26,男,22,上海,金卡,78,16184.32,2025-08-02,26
C0241,2024-11-18,女,30,杭州,普通,9,1096.41,2025-12-30,22
C0242,2023-05-03,女,34,苏州,金卡,21,4241.06,2025-09-21,23
C0243,2023-07-25,女,35,北京,金卡,79,30379.22,2025-12-04,8
C0244,2025-10-02,男,25,杭州,金卡,56,19545.27,2025-12-15,34
C0245,2024-09-21,男,30,杭州,银卡,48,6459.36,2025-09-21,50
C0246,2023-03-15,女,36,北京,银卡,39,10246.86,2025-12-28,19
C0247,2025-01-09,女,43,杭州,普通,6,2352.64,2025-12-27,36
C0248,2022-09-28,女,20,深圳,金卡,29,4213.57,2025-12-10,41
C0249,2025-03-15,女,41,上海,普通,15,5160.11,2025-08-26,16
C0250,2025-03-26,女,25,广州,银卡,27,3154.06,2025-09-26,46
C0251,2024-08-26,男,19,上海,普通,19,4708.58,2025-09-10,30
C0252,2023-05-13,男,25,杭州,普通,10,3637.19,2025-12-03,7
C0253,2024-08-26,女,44,深圳,银卡,45,5795.52,2025-07-08,14
C0254,2024-04-13,男,30,武汉,普通,14,7211.11,2025-12-07,30
C0255,2023-01-25,男,30,杭州,金卡,52,15111.96,2025-09-27,29
C0256,2022-07-13,女,18,苏州,普通,15,4371.85,2025-09-15,45
C0257,2022-07-18,女,23,深圳,普通,10,2722.64,2025-12-25,19
C0258,2025-09-11,女,41,北京,银卡,17,2919.67,2025-12-02,38
C0259,2024-06-01,女,36,深圳,普通,13,3552.32,2025-12-11,11
C0260,2023-12-27,男,33,北京,普通,16,2273.34,2025-09-21,48
C0261,2024-05-17,女,25,南京,金卡,33,7259.18,2025-12-20,16
C0262,2024-04-21,女,45,广州,普通,8,3155.66,2025-08-12,41
C0263,2024-08-14,男,18,西安,金卡,68,13649.62,2025-12-16,29
C0264,2022-04-21,女,44,深圳,普通,19,8212.62,2025-08-14,28
C0265,2025-10-11,女,44,成都,普通,12,2331.0,2025-12-15,18
C0266,2025-08-31,女,33,苏州,金卡,93,33608.94,2025-12-10,45
C0267,2025-08-16,女,26,杭州,普通,10,3312.9,2025-12-25,10
C0268,2022-07-21,女,30,苏州,普通,10,1788.25,2025-07-05,33
C0269,2022-05-05,男,28,上海,银卡,6,2408.43,2025-12-03,49
C0270,2024-04-04,男,30,西安,普通,13,5905.3,2025-08-10,6
C0271,2023-11-26,女,42,上海,金卡,55,18773.01,2025-12-15,43
C0272,2022-08-12,女,38,南京,普通,1,190.35,2025-12-09,33
C0273,2023-05-25,女,27,西安,金卡,92,13311.22,2025-12-11,19
C0274,2023-01-28,女,21,西安,金卡,26,3041.22,2025-12-19,49
C0275,2023-01-25,女,44,上海,银卡,43,13327.61,2025-12-03,37
C0276,2025-01-03,女,23,北京,黑卡,177,60498.95,2025-12-04,23
C0277,2024-07-07,女,45,上海,银卡,23,9592.26,2025-12-02,9
C0278,2022-10-15,女,24,苏州,黑卡,108,34663.2,2025-08-01,31
C0279,2024-05-14,女,22,北京,普通,20,9803.87,2025-08-11,14
C0280,2023-01-11,女,28,苏州,金卡,65,11561.14,2025-12-28,36
C0281,2023-07-25,女,30,南京,银卡,19,8332.54,2025-08-23,19
C0282,2024-08-05,男,43,杭州,银卡,45,24935.82,2025-07-08,2
C0283,2023-05-27,男,42,武汉,银卡,17,5307.49,2025-12-07,36
C0284,2022-06-04,男,36,北京,金卡,99,38345.94,2025-12-12,39
C0285,2024-06-26,女,40,南京,普通,9,2570.14,2025-07-09,7
C0286,2025-02-01,男,27,成都,普通,5,2415.17,2025-12-14,39
C0287,2022-07-20,女,27,南京,金卡,100,27130.57,2025-12-08,43
C0288,2022-04-14,女,28,上海,金卡,32,8915.87,2025-12-17,22
C0289,2025-08-28,男,38,上海,黑卡,60,14866.16,2025-12-23,39
C0290,2025-01-12,女,24,武汉,金卡,59,13784.34,2025-12-09,10
C0291,2022-01-31,男,35,南京,黑卡,162,27288.72,2025-12-18,45
C0292,2022-07-11,男,21,广州,金卡,24,6021.91,2025-07-23,7
C0293,2023-04-30,女,19,杭州,普通,19,5780.14,2025-12-11,28
C0294,2022-12-07,男,31,上海,普通,12,918.57,2025-07-12,29
C0295,2024-04-12,男,30,武汉,金卡,36,10852.02,2025-12-14,9
C0296,2024-09-21,女,29,杭州,银卡,10,2782.06,2025-12-03,38
C0297,2024-09-12,女,24,南京,普通,10,3057.65,2025-12-25,27
C0298,2023-03-14,男,19,南京,银卡,25,5637.19,2025-08-01,48
C0299,2024-04-01,女,30,西安,黑卡,156,35450.89,2025-12-20,35
C0300,2022-05-01,男,31,武汉,银卡,16,896.23,2025-12-29,12
C0301,2022-12-04,男,44,上海,银卡,17,4877.42,2025-12-13,31
C0302,2024-02-16,女,34,广州,银卡,13,3242.95,2025-12-18,35
C0303,2022-01-05,女,26,南京,普通,18,1500.3,2025-12-28,36
C0304,2024-03-10,女,34,广州,银卡,28,2629.39,2025-12-05,25
C0305,2023-06-28,女,25,南京,银卡,38,3858.09,2025-12-28,21
C0306,2024-07-20,女,19,上海,普通,17,4020.4,2025-12-16,3
C0307,2023-08-08,女,45,杭州,金卡,54,12195.69,2025-12-15,30
C0308,2024-05-16,男,41,深圳,银卡,15,1974.8,2025-12-30,17
C0309,2025-11-27,女,30,杭州,金卡,52,23279.52,2025-08-11,37
C0310,2025-02-12,男,20,南京,金卡,81,20387.12,2025-07-24,23
C0311,2025-09-17,女,33,苏州,普通,10,2399.57,2025-09-21,22
C0312,2024-09-23,男,23,深圳,金卡,63,14547.5,2025-12-11,21
C0313,2022-11-14,男,36,深圳,银卡,12,5676.93,2025-12-02,1
C0314,2023-01-24,女,24,广州,金卡,79,39880.22,2025-12-24,30
C0315,2023-08-31,女,27,武汉,普通,3,1318.02,2025-12-16,10
C0316,2023-03-22,女,26,广州,金卡,38,3642.41,2025-12-19,27
C0317,2022-04-30,女,19,广州,银卡,19,5910.85,2025-12-04,45
C0318,2025-04-01,男,45,苏州,普通,13,1631.26,2025-08-05,31
C0319,2025-01-15,男,45,杭州,普通,18,3347.36,2025-12-06,4
C0320,2022-05-05,男,32,杭州,金卡,66,23335.89,2025-12-15,37
C0321,2023-10-05,女,22,成都,金卡,31,6169.33,2025-12-19,9
C0322,2022-04-28,女,39,南京,普通,13,5530.61,2025-12-27,39
C0323,2022-04-13,女,21,苏州,银卡,5,1532.25,2025-07-10,45
C0324,2025-04-11,男,37,成都,银卡,21,3152.81,2025-08-20,23
C0325,2024-09-03,女,21,上海,金卡,88,17220.28,2025-12-10,34
C0326,2024-10-26,女,35,南京,普通,4,686.18,2025-12-21,43
C0327,2024-12-23,女,21,南京,金卡,78,36325.26,2025-12-19,47
C0328,2022-11-19,女,44,西安,普通,12,890.04,2025-12-29,22
C0329,2022-04-27,女,34,西安,银卡,48,13254.52,2025-12-15,16
C0330,2024-11-06,男,29,北京,普通,9,467.85,2025-08-11,0
C0331,2022-06-14,男,39,北京,普通,19,1341.21,2025-07-16,30
C0332,2023-01-16,女,34,广州,银卡,29,1901.37,2025-09-17,30
C0333,2022-05-21,男,27,上海,普通,12,5112.45,2025-12-18,41
C0334,2025-05-03,男,39,深圳,金卡,33,2192.66,2025-09-08,41
C0335,2022-05-20,男,18,深圳,普通,8,553.48,2025-12-27,33
C0336,2025-10-14,男,39,西安,银卡,35,6009.07,2025-12-29,8
C0337,2023-04-27,女,43,西安,普通,1,499.43,2025-12-04,21
C0338,2024-04-06,女,41,西安,普通,20,1335.44,2025-12-27,12
C0339,2022-09-03,女,44,苏州,普通,18,3185.02,2025-12-16,24
C0340,2025-03-12,男,35,武汉,银卡,25,10922.71,2025-12-12,47
C0341,2023-05-20,女,35,北京,银卡,44,15774.56,2025-12-26,17
C0342,2025-03-31,女,31,苏州,银卡,19,8439.36,2025-12-30,50
C0343,2025-05-02,男,32,杭州,银卡,46,7242.27,2025-12-29,11
C0344,2022-03-23,女,29,深圳,银卡,9,1322.07,2025-12-17,39
C0345,2025-06-22,男,21,南京,普通,15,4211.1,2025-12-15,16
C0346,2022-06-17,女,44,北京,银卡,49,9052.38,2025-12-06,14
C0347,2024-05-08,女,20,成都,黑卡,127,50177.92,2025-12-25,41
C0348,2025-09-08,男,37,杭州,银卡,46,25163.95,2025-12-25,14
C0349,2025-04-10,男,29,北京,金卡,72,10512.38,2025-12-26,14
C0350,2025-03-03,女,24,苏州,普通,4,1095.95,2025-07-10,38
C0351,2024-12-06,女,28,上海,金卡,37,3255.25,2025-12-02,12
C0352,2023-10-10,女,18,南京,金卡,25,10124.39,2025-12-02,16
C0353,2023-06-19,女,23,北京,银卡,7,3194.96,2025-12-11,31
C0354,2023-02-23,男,32,武汉,黑卡,127,49836.21,2025-12-06,8
C0355,2025-10-03,男,32,西安,普通,16,1854.63,2025-08-13,39
C0356,2023-10-06,女,36,西安,普通,4,634.62,2025-12-21,19
C0357,2023-05-04,男,28,南京,金卡,32,8375.84,2025-12-26,25
C0358,2023-06-28,女,43,苏州,金卡,50,7592.43,2025-07-17,26
C0359,2024-03-21,女,40,西安,普通,18,6361.01,2025-12-07,20
C0360,2022-09-26,女,43,北京,普通,5,1673.06,2025-12-04,17
C0361,2025-10-07,男,19,成都,普通,13,4227.98,2025-12-03,12
C0362,2025-08-14,女,31,深圳,普通,15,4035.4,2025-12-07,15
C0363,2023-09-07,女,19,深圳,金卡,67,7553.14,2025-12-10,8
C0364,2024-07-25,女,21,杭州,银卡,47,7456.09,2025-09-06,11
C0365,2023-10-10,女,34,广州,普通,18,5703.31,2025-12-21,43
C0366,2022-05-29,男,20,上海,银卡,31,9885.25,2025-12-01,37
C0367,2022-01-20,女,30,南京,普通,19,1869.27,2025-12-08,18
C0368,2024-07-27,女,26,杭州,普通,5,2076.58,2025-12-25,6
C0369,2025-06-26,男,24,广州,银卡,31,5512.18,2025-12-08,34
C0370,2025-02-27,男,32,苏州,黑卡,75,28033.47,2025-12-08,47
C0371,2022-07-24,男,40,武汉,金卡,82,33789.7,2025-08-18,17
C0372,2022-05-31,男,28,武汉,普通,20,10185.14,2025-12-12,15
C0373,2025-01-06,男,37,上海,金卡,72,32313.87,2025-12-09,38
C0374,2023-03-13,女,19,西安,金卡,55,8782.01,2025-12-09,3
C0375,2024-11-02,男,32,北京,金卡,24,13814.22,2025-12-04,24
C0376,2023-06-28,男,31,杭州,银卡,49,11881.31,2025-12-02,31
C0377,2022-09-29,女,37,杭州,银卡,28,1412.02,2025-12-05,39
C0378,2023-12-16,男,39,南京,普通,7,1219.19,2025-09-19,12
C0379,2022-05-21,女,28,南京,普通,15,1812.94,2025-09-14,44
C0380,2023-05-16,男,44,武汉,普通,15,6484.86,2025-09-25,16
C0381,2024-01-27,男,20,武汉,普通,8,1500.92,2025-09-12,48
C0382,2023-08-07,女,34,成都,银卡,28,10123.12,2025-12-09,36
C0383,2022-11-20,女,29,成都,金卡,32,5618.66,2025-09-25,5
C0384,2024-06-16,女,41,西安,银卡,48,19594.13,2025-12-21,18
C0385,2025-01-17,女,45,成都,普通,12,3502.52,2025-07-25,12
C0386,2025-12-11,女,38,北京,黑卡,189,40662.4,2025-08-06,25
C0387,2023-09-12,男,32,北京,黑卡,141,33163.15,2025-07-08,13
C0388,2025-06-06,男,33,杭州,金卡,27,8096.38,2025-12-03,30
C0389,2025-09-01,女,22,深圳,黑卡,151,83013.02,2025-07-12,3
C0390,2024-12-19,女,44,北京,银卡,22,7047.68,2025-12-23,38
C0391,2022-01-17,女,37,广州,黑卡,98,24333.49,2025-12-05,7
C0392,2025-09-29,女,23,武汉,普通,4,884.46,2025-12-21,24
C0393,2025-02-09,男,36,南京,银卡,34,2544.07,2025-12-29,12
C0394,2023-09-06,女,42,成都,普通,3,536.19,2025-12-18,31
C0395,2025-09-20,男,22,杭州,普通,7,367.15,2025-12-05,37
C0396,2022-08-01,女,20,上海,普通,20,7200.97,2025-12-20,37
C0397,2022-10-03,女,44,南京,银卡,6,1448.73,2025-12-29,27
C0398,2023-06-26,女,18,广州,金卡,26,3634.59,2025-08-31,29
C0399,2022-08-25,女,43,成都,银卡,26,6521.1,2025-08-07,2
C0400,2022-08-08,女,45,广州,普通,8,1399.61,2025-12-01,27
C0401,2025-02-07,男,23,武汉,金卡,36,16318.57,2025-12-08,2
C0402,2022-11-15,女,32,武汉,银卡,41,8218.48,2025-12-06,44
C0403,2023-07-12,女,19,西安,银卡,18,8421.49,2025-12-07,33
C0404,2023-08-01,女,20,杭州,金卡,28,12426.53,2025-12-06,15
C0405,2025-05-23,男,34,南京,普通,18,5333.11,2025-12-24,21
C0406,2023-03-08,女,42,苏州,普通,7,3326.02,2025-09-10,31
C0407,2023-12-04,男,41,苏州,黑卡,200,23282.75,2025-12-28,37
C0408,2023-02-21,男,29,南京,普通,7,2292.24,2025-09-10,7
C0409,2025-11-08,女,35,上海,银卡,19,7431.55,2025-12-27,7
C0410,2025-07-22,男,32,杭州,金卡,62,5007.51,2025-12-17,5
C0411,2023-06-25,男,29,广州,金卡,38,20726.23,2025-08-30,13
C0412,2024-11-01,女,33,上海,普通,20,9989.8,2025-07-20,31
C0413,2024-09-27,女,44,深圳,普通,1,353.93,2025-12-30,34
C0414,2023-05-30,女,25,南京,普通,9,1227.98,2025-12-08,9
C0415,2022-04-15,女,45,广州,银卡,14,1945.54,2025-12-29,2
C0416,2022-07-09,女,31,苏州,银卡,13,1326.84,2025-08-22,11
C0417,2025-07-23,男,42,北京,普通,18,5446.45,2025-12-06,48
C0418,2024-05-17,男,34,西安,黑卡,114,9549.86,2025-12-11,30
C0419,2023-07-21,女,38,苏州,银卡,16,7341.8,2025-12-21,28
C0420,2022-04-01,女,25,杭州,普通,4,1263.69,2025-12-12,4
C0421,2022-01-08,女,32,武汉,银卡,47,2188.01,2025-12-28,24
C0422,2023-11-15,女,44,北京,金卡,23,7365.19,2025-12-20,40
C0423,2022-09-25,男,31,西安,普通,5,293.41,2025-12-25,30
C0424,2025-07-28,女,35,西安,普通,1,192.72,2025-12-05,20
C0425,2023-06-21,男,37,深圳,金卡,65,10279.36,2025-12-17,19
C0426,2022-11-27,女,24,深圳,银卡,20,10057.62,2025-12-18,38
C0427,2024-06-23,女,20,成都,银卡,42,12728.78,2025-09-04,21
C0428,2025-02-03,女,29,苏州,银卡,25,2970.89,2025-12-09,3
C0429,2025-12-16,男,38,苏州,普通,1,99.97,2025-12-19,12
C0430,2024-05-25,男,41,苏州,普通,6,910.09,2025-07-15,44
C0431,2025-02-22,男,45,成都,银卡,21,6035.58,2025-12-13,41
C0432,2022-01-20,女,43,上海,普通,2,419.0,2025-12-10,49
C0433,2022-08-18,女,20,西安,普通,5,1051.98,2025-07-09,48
C0434,2022-06-04,男,37,北京,金卡,73,18453.3,2025-12-23,19
C0435,2025-11-16,男,31,杭州,黑卡,184,38294.12,2025-12-11,12
C0436,2022-11-02,女,32,西安,金卡,34,5161.14,2025-12-23,16
C0437,2025-01-22,男,42,深圳,金卡,28,15086.86,2025-12-09,35
C0438,2022-03-15,女,31,广州,普通,16,7352.34,2025-12-18,32
C0439,2024-01-27,女,24,武汉,黑卡,164,69153.01,2025-12-27,0
C0440,2025-04-07,男,34,成都,普通,12,1119.9,2025-12-13,14
C0441,2025-02-05,男,29,南京,黑卡,181,44910.19,2025-12-30,12
C0442,2022-10-31,女,37,广州,黑卡,77,6334.52,2025-12-04,16
C0443,2024-05-30,男,21,杭州,金卡,77,27353.35,2025-12-14,23
C0444,2022-09-19,男,26,苏州,黑卡,178,61789.18,2025-12-16,7
C0445,2022-03-27,女,23,深圳,银卡,19,8041.28,2025-12-21,49
C0446,2023-09-24,女,33,深圳,普通,20,8074.52,2025-12-24,26
C0447,2024-01-17,女,42,深圳,银卡,7,794.33,2025-12-28,44
C0448,2022-03-23,女,45,苏州,银卡,47,2976.29,2025-12-25,22
C0449,2024-01-03,男,39,南京,普通,17,9043.93,2025-12-06,45
C0450,2023-03-07,男,39,成都,银卡,24,8080.03,2025-12-30,7
C0451,2025-10-28,女,38,广州,黑卡,167,14259.37,2025-12-24,7
C0452,2023-05-27,女,38,苏州,普通,1,468.09,2025-12-06,25
C0453,2025-09-27,女,19,杭州,金卡,27,9080.98,2025-07-07,46
C0454,2022-07-30,女,41,成都,黑卡,172,9896.01,2025-12-27,12
C0455,2023-12-26,男,25,杭州,黑卡,152,68249.52,2025-07-05,38
C0456,2025-02-20,女,28,成都,黑卡,159,25667.54,2025-12-07,36
C0457,2024-04-12,男,30,南京,银卡,48,23558.41,2025-12-10,48
C0458,2025-06-25,女,34,武汉,黑卡,77,34717.73,2025-12-28,27
C0459,2022-11-13,男,25,杭州,金卡,82,6712.05,2025-12-26,24
C0460,2023-04-30,男,38,苏州,普通,15,4543.68,2025-08-21,15
C0461,2022-11-29,男,35,成都,银卡,9,4893.06,2025-09-23,1
C0462,2022-12-29,女,35,深圳,金卡,30,13764.29,2025-08-31,17
C0463,2024-04-24,女,31,西安,普通,11,2297.07,2025-12-12,16
C0464,2022-02-20,女,32,深圳,银卡,43,15753.46,2025-12-01,29
C0465,2023-01-03,女,23,上海,金卡,38,16645.73,2025-08-14,38
C0466,2023-11-12,男,28,武汉,普通,3,1008.13,2025-12-18,12
C0467,2024-04-23,男,30,武汉,银卡,13,2424.18,2025-12-30,31
C0468,2025-10-03,女,42,深圳,金卡,55,13406.26,2025-12-27,49
C0469,2023-05-24,男,18,广州,银卡,44,3625.11,2025-12-10,28
C0470,2023-07-01,女,45,南京,普通,19,8800.36,2025-12-28,45
C0471,2022-11-23,男,23,杭州,普通,18,6108.72,2025-12-12,29
C0472,2025-12-07,女,26,苏州,银卡,50,20751.28,2025-09-23,17
C0473,2022-08-10,男,25,武汉,黑卡,133,45231.93,2025-12-14,12
C0474,2024-02-23,女,28,深圳,普通,13,3626.32,2025-07-07,42
C0475,2022-03-21,女,39,深圳,银卡,43,10187.64,2025-12-28,20
C0476,2024-08-21,女,36,南京,普通,17,4001.85,2025-08-07,29
C0477,2023-04-01,男,41,南京,普通,10,4116.71,2025-12-04,20
C0478,2023-02-13,女,26,北京,金卡,78,15877.97,2025-12-15,47
C0479,2024-07-31,女,34,北京,金卡,84,28227.66,2025-09-04,16
C0480,2023-12-18,女,29,广州,普通,20,3820.06,2025-08-13,39
C0481,2023-09-18,女,42,广州,银卡,32,2670.76,2025-12-03,18
C0482,2023-04-12,女,31,上海,普通,4,1058.64,2025-12-10,14
C0483,2023-04-02,女,32,广州,银卡,49,15791.71,2025-07-08,8
C0484,2022-02-18,女,33,成都,金卡,34,7845.2,2025-12-05,9
C0485,2025-09-13,女,39,南京,普通,18,1566.13,2025-12-10,43
C0486,2023-01-31,女,39,苏州,普通,7,1416.97,2025-12-30,30
C0487,2024-03-27,男,45,成都,银卡,32,12754.27,2025-12-13,22
C0488,2023-11-04,男,37,杭州,黑卡,165,16118.11,2025-09-27,29
C0489,2023-07-25,女,18,深圳,黑卡,108,28563.31,2025-07-18,32
C0490,2022-05-23,女,27,广州,普通,14,4699.27,2025-12-13,8
C0491,2023-07-26,女,25,深圳,金卡,63,5208.3,2025-12-21,46
C0492,2023-12-21,女,35,武汉,银卡,34,8024.34,2025-08-19,0
C0493,2025-08-06,男,45,上海,银卡,30,11067.67,2025-07-12,43
C0494,2024-11-09,男,18,武汉,金卡,73,18062.04,2025-12-26,34
C0495,2024-03-29,女,19,上海,黑卡,74,3798.97,2025-09-04,10
C0496,2025-10-23,男,18,北京,黑卡,130,35840.16,2025-12-22,33
C0497,2025-01-03,女,18,深圳,银卡,32,15633.64,2025-09-09,15
C0498,2023-11-10,男,26,上海,银卡,25,4475.21,2025-12-12,8
C0499,2022-02-26,女,30,西安,金卡,52,7596.22,2025-12-03,31
C0500,2022-08-25,女,18,成都,普通,12,1396.23,2025-12-13,14
C0501,2023-06-19,女,30,上海,银卡,14,2591.43,2025-12-13,11
C0502,2023-01-01,女,37,上海,银卡,48,4912.23,2025-07-09,32
C0503,2025-04-04,男,43,成都,金卡,80,19809.97,2025-09-20,44
C0504,2023-06-28,女,39,深圳,普通,3,605.16,2025-07-20,13
C0505,2022-03-20,女,24,深圳,普通,3,252.17,2025-12-20,7
C0506,2022-08-11,男,19,成都,黑卡,71,13600.14,2025-12-09,7
C0507,2025-05-06,女,23,武汉,普通,3,943.11,2025-12-27,26
C0508,2024-06-08,女,24,西安,银卡,32,4719.09,2025-09-24,11
C0509,2023-12-09,女,43,苏州,普通,4,438.81,2025-12-20,0
C0510,2023-10-05,女,31,杭州,普通,12,2821.05,2025-12-20,42
C0511,2024-06-12,女,43,西安,普通,5,1746.84,2025-12-21,39
C0512,2025-05-26,女,35,深圳,普通,18,8235.4,2025-12-26,41
C0513,2024-11-13,女,32,苏州,金卡,27,5801.39,2025-12-19,50
C0514,2022-08-25,女,19,北京,普通,19,10235.9,2025-12-17,10
C0515,2024-02-28,男,27,广州,黑卡,193,58377.72,2025-08-23,38
C0516,2025-03-26,男,40,上海,银卡,40,8913.4,2025-09-04,42
C0517,2023-01-25,男,29,成都,银卡,26,9269.99,2025-12-10,30
C0518,2023-06-06,女,34,成都,银卡,47,8597.31,2025-12-04,16
C0519,2022-04-01,女,25,上海,银卡,12,3605.22,2025-12-09,32
C0520,2025-12-22,男,28,广州,金卡,72,15674.11,2025-12-02,31
C0521,2024-06-12,女,20,杭州,普通,12,4471.86,2025-12-16,28
C0522,2022-01-04,男,44,广州,银卡,47,17991.58,2025-12-21,20
C0523,2024-11-30,女,23,苏州,金卡,74,15191.55,2025-12-27,20
C0524,2025-01-07,女,26,广州,黑卡,63,32855.4,2025-07-17,39
C0525,2025-11-07,女,23,苏州,金卡,56,11174.86,2025-08-28,22
C0526,2025-10-05,女,26,广州,银卡,43,12788.76,2025-12-26,5
C0527,2023-02-08,女,24,杭州,金卡,59,16925.83,2025-12-24,21
C0528,2024-01-16,男,26,杭州,银卡,27,12200.69,2025-07-14,49
C0529,2024-06-02,男,35,深圳,银卡,11,4570.74,2025-09-23,37
C0530,2022-05-24,女,29,上海,普通,19,6918.85,2025-12-03,36
C0531,2025-09-22,女,25,杭州,银卡,37,15531.56,2025-12-30,44
C0532,2023-11-08,女,25,苏州,普通,7,2340.63,2025-12-12,50
C0533,2025-06-30,女,35,杭州,普通,5,2706.2,2025-12-12,7
C0534,2023-10-05,女,45,深圳,金卡,81,22430.56,2025-09-28,40
C0535,2025-09-20,女,37,成都,普通,8,1019.63,2025-12-13,48
C0536,2022-09-13,女,32,苏州,普通,4,623.54,2025-12-13,34
C0537,2023-09-08,女,44,深圳,普通,12,1668.24,2025-12-06,50
C0538,2024-11-04,男,24,武汉,黑卡,192,82879.01,2025-08-13,10
C0539,2023-09-26,女,28,武汉,银卡,28,9345.34,2025-07-19,23
C0540,2025-09-27,男,37,北京,银卡,12,3656.46,2025-12-21,48
C0541,2024-04-16,女,33,广州,金卡,55,17811.99,2025-07-30,20
C0542,2023-10-31,女,21,上海,金卡,93,49565.13,2025-12-18,50
C0543,2024-04-04,男,23,南京,普通,8,2137.79,2025-12-30,1
C0544,2025-11-28,女,43,西安,金卡,74,18712.6,2025-12-03,39
C0545,2023-08-29,女,39,深圳,金卡,91,42939.67,2025-12-11,18
C0546,2025-02-09,男,43,成都,金卡,99,43394.27,2025-12-06,38
C0547,2022-09-18,男,20,西安,普通,20,2325.92,2025-12-16,27
C0548,2023-01-28,女,26,成都,金卡,91,37440.01,2025-07-22,16
C0549,2024-05-11,女,45,西安,银卡,6,857.63,2025-12-09,5
C0550,2025-09-23,女,27,深圳,普通,20,1476.41,2025-12-26,18
C0551,2024-02-16,女,31,南京,银卡,47,19127.86,2025-12-15,37
C0552,2025-10-19,女,28,西安,普通,9,2712.85,2025-12-29,27
C0553,2022-12-23,女,35,深圳,普通,1,259.8,2025-08-01,1
C0554,2025-06-14,女,39,杭州,金卡,43,9780.01,2025-08-30,37
C0555,2025-03-11,女,29,南京,普通,9,813.15,2025-12-29,36
C0556,2023-09-09,女,40,苏州,银卡,49,16743.72,2025-12-14,50
C0557,2024-04-11,男,29,成都,银卡,24,8298.95,2025-12-19,3
C0558,2025-01-27,男,30,武汉,普通,11,3361.75,2025-12-01,21
C0559,2022-01-01,女,42,广州,黑卡,139,32040.24,2025-12-29,25
C0560,2023-09-15,女,30,武汉,普通,1,476.96,2025-07-11,48
C0561,2023-08-11,女,36,南京,普通,6,2418.45,2025-12-08,42
C0562,2023-03-07,男,43,苏州,普通,5,1354.96,2025-12-10,35
C0563,2024-05-30,男,36,成都,普通,19,4750.39,2025-12-04,12
C0564,2025-04-02,男,40,苏州,普通,13,3978.95,2025-12-12,31
C0565,2025-05-27,男,31,西安,金卡,28,2204.1,2025-12-25,16
C0566,2025-09-02,女,21,成都,黑卡,86,31163.94,2025-12-18,40
C0567,2023-10-22,男,30,西安,普通,1,195.88,2025-12-10,35
C0568,2024-08-10,女,25,深圳,金卡,31,12341.68,2025-12-28,45
C0569,2024-06-23,女,40,南京,金卡,87,24271.09,2025-12-18,18
C0570,2024-06-24,男,38,深圳,金卡,47,4537.91,2025-12-23,34
C0571,2025-10-15,女,40,北京,银卡,29,11550.05,2025-12-19,45
C0572,2023-03-14,女,36,苏州,普通,14,1082.04,2025-12-19,39
C0573,2024-11-12,男,29,西安,普通,15,7546.81,2025-12-15,27
C0574,2024-08-27,女,35,杭州,金卡,63,4379.76,2025-12-30,0
C0575,2022-12-14,女,23,深圳,金卡,40,12858.67,2025-12-26,41
C0576,2025-09-11,女,35,北京,普通,12,4768.5,2025-12-23,17
C0577,2022-06-23,男,36,上海,银卡,24,9241.33,2025-07-12,47
C0578,2023-08-05,女,39,武汉,黑卡,133,18870.87,2025-09-13,39
C0579,2024-11-21,女,22,成都,金卡,92,20630.33,2025-08-17,32
C0580,2025-09-21,男,41,北京,黑卡,71,18128.02,2025-12-04,11
C0581,2025-07-20,女,26,南京,金卡,26,7028.82,2025-09-03,7
C0582,2025-06-22,女,44,深圳,银卡,14,2144.07,2025-12-20,23
C0583,2023-11-18,女,20,南京,银卡,15,3895.22,2025-12-15,15
C0584,2022-07-11,男,45,武汉,金卡,99,44202.46,2025-12-15,49
C0585,2023-04-27,女,27,杭州,普通,2,295.91,2025-09-12,3
C0586,2025-10-09,男,36,苏州,银卡,48,12337.86,2025-12-17,37
C0587,2023-09-28,男,20,苏州,金卡,30,10896.8,2025-09-27,43
C0588,2023-04-06,男,39,南京,普通,9,1902.41,2025-07-19,26
C0589,2023-02-12,男,32,西安,金卡,76,39439.37,2025-07-14,8
C0590,2022-10-29,男,18,杭州,银卡,47,13631.96,2025-12-02,46
C0591,2022-02-20,男,24,苏州,黑卡,158,79524.37,2025-12-29,15
C0592,2022-04-05,女,29,杭州,普通,16,3528.05,2025-09-09,11
C0593,2023-05-17,男,34,北京,普通,20,4802.91,2025-12-18,30
C0594,2024-08-31,男,38,杭州,银卡,33,14850.21,2025-12-12,23
C0595,2025-06-05,女,43,广州,普通,14,5314.92,2025-12-02,13
C0596,2022-05-30,女,41,武汉,金卡,54,11779.86,2025-12-09,44
C0597,2024-07-21,女,37,苏州,金卡,47,16282.7,2025-12-28,24
C0598,2024-04-28,男,22,杭州,普通,17,1724.32,2025-07-17,33
C0599,2025-07-13,男,21,南京,银卡,12,5686.51,2025-12-03,2
C0600,2025-03-24,男,45,上海,银卡,27,4193.6,2025-12-23,23
C0601,2023-02-03,男,29,广州,银卡,32,14733.47,2025-12-11,41
C0602,2025-11-27,男,37,广州,黑卡,78,29416.02,2025-07-20,8
C0603,2024-02-26,男,45,西安,金卡,56,18833.37,2025-12-25,25
C0604,2024-10-09,男,41,杭州,金卡,95,9357.23,2025-12-14,19
C0605,2024-03-29,男,35,西安,金卡,82,7804.82,2025-07-07,39
C0606,2023-05-15,女,34,西安,银卡,38,13182.2,2025-12-16,9
C0607,2022-10-30,男,36,上海,黑卡,128,30705.83,2025-12-28,18
C0608,2025-09-05,男,26,北京,金卡,25,3089.77,2025-08-14,2
C0609,2025-11-09,女,21,杭州,金卡,48,11163.08,2025-09-30,23
C0610,2022-01-12,女,43,深圳,金卡,70,26642.48,2025-07-30,4
C0611,2022-08-07,男,38,苏州,普通,20,8909.31,2025-12-04,2
C0612,2024-05-20,女,19,西安,金卡,27,3807.84,2025-09-20,26
C0613,2023-03-25,女,21,武汉,普通,1,274.66,2025-07-16,15
C0614,2022-12-27,男,19,成都,普通,7,939.72,2025-12-02,48
C0615,2025-11-26,女,32,武汉,普通,10,2933.74,2025-12-14,14
C0616,2024-11-26,女,19,上海,黑卡,104,48381.06,2025-12-28,34
C0617,2024-08-09,男,21,上海,金卡,37,1985.7,2025-12-26,11
C0618,2022-04-13,男,23,南京,金卡,52,8724.92,2025-12-13,40
C0619,2025-02-15,女,24,北京,金卡,57,19250.78,2025-12-02,43
C0620,2023-05-26,女,27,苏州,银卡,25,7299.68,2025-12-09,25
C0621,2022-09-06,男,36,西安,黑卡,80,23267.35,2025-12-14,46
C0622,2024-07-23,男,36,武汉,银卡,5,2346.1,2025-12-03,33
C0623,2022-10-01,男,43,成都,银卡,36,4048.71,2025-07-27,22
C0624,2024-08-09,女,39,上海,普通,14,1017.7,2025-12-05,30
C0625,2025-09-29,女,29,上海,金卡,42,6238.15,2025-12-06,49
C0626,2024-12-23,男,20,北京,金卡,36,6087.17,2025-12-12,19
C0627,2025-02-18,女,30,成都,银卡,29,4954.79,2025-12-01,11
C0628,2025-05-04,女,35,成都,普通,18,5246.24,2025-12-08,22
C0629,2023-10-12,男,25,北京,金卡,49,24124.35,2025-12-17,3
C0630,2024-06-25,男,38,上海,普通,17,5651.32,2025-08-02,22
C0631,2025-06-08,女,32,苏州,金卡,91,26396.29,2025-12-01,47
C0632,2024-10-30,女,18,杭州,黑卡,140,63516.62,2025-12-21,47
C0633,2024-05-23,女,20,杭州,银卡,9,2168.87,2025-12-13,0
C0634,2025-01-27,女,43,北京,普通,13,4639.36,2025-12-24,24
C0635,2024-07-02,男,25,成都,金卡,25,10204.91,2025-10-02,1
C0636,2022-11-22,女,21,西安,金卡,75,14440.62,2025-12-27,29
C0637,2024-08-30,女,33,北京,银卡,6,669.77,2025-12-18,2
C0638,2024-07-10,男,40,苏州,黑卡,167,70575.31,2025-12-08,20
C0639,2023-06-15,男,27,北京,普通,3,696.85,2025-12-17,24
C0640,2023-05-22,男,29,广州,银卡,25,1616.82,2025-12-26,19
C0641,2025-07-29,男,31,武汉,金卡,93,24276.03,2025-12-12,48
C0642,2023-07-22,男,31,成都,金卡,74,6786.47,2025-07-26,21
C0643,2024-12-03,男,19,南京,普通,19,2320.43,2025-12-19,20
C0644,2024-09-19,男,40,南京,金卡,71,10732.05,2025-12-09,32
C0645,2025-07-07,男,22,成都,银卡,50,22100.87,2025-12-24,37
C0646,2023-05-05,女,22,苏州,银卡,45,11793.24,2025-12-05,14
C0647,2023-07-17,女,23,广州,普通,14,5337.15,2025-12-25,45
C0648,2024-06-19,女,30,广州,金卡,57,7992.87,2025-12-13,14
C0649,2022-06-08,女,26,上海,普通,4,1592.3,2025-12-21,45
C0650,2023-08-09,女,39,武汉,普通,13,2261.19,2025-12-06,24
C0651,2023-04-26,男,45,杭州,普通,1,320.65,2025-12-07,20
C0652,2023-07-11,女,32,深圳,金卡,61,12229.12,2025-07-10,23
C0653,2023-11-19,女,31,苏州,金卡,41,5182.68,2025-09-03,4
C0654,2023-10-17,女,41,深圳,金卡,99,37223.22,2025-12-08,5
C0655,2025-01-11,女,24,深圳,普通,15,4666.19,2025-12-27,48
C0656,2022-06-15,男,42,成都,银卡,49,24099.16,2025-08-12,42
C0657,2022-10-11,男,37,南京,银卡,28,12517.42,2025-12-05,47
C0658,2022-11-05,男,19,南京,金卡,31,4371.87,2025-12-08,43
C0659,2023-04-19,女,24,杭州,黑卡,161,70198.67,2025-12-29,46
C0660,2024-02-24,女,23,成都,普通,4,383.04,2025-07-13,22
C0661,2025-11-22,男,34,深圳,金卡,51,26710.88,2025-09-21,3
C0662,2022-11-09,女,44,西安,普通,14,6564.47,2025-12-15,26
C0663,2025-12-17,女,42,南京,银卡,42,6382.07,2025-12-17,17
C0664,2023-03-15,男,42,苏州,普通,13,3147.53,2025-08-30,20
C0665,2022-05-12,男,45,苏州,普通,17,8488.58,2025-09-22,27
C0666,2024-04-29,男,19,上海,银卡,10,2499.42,2025-12-07,34
C0667,2024-04-14,男,20,北京,银卡,30,10898.14,2025-12-18,21
C0668,2023-11-09,男,22,西安,普通,10,3582.71,2025-12-14,39
C0669,2025-01-16,男,22,南京,金卡,63,14697.15,2025-07-18,22
C0670,2024-08-12,男,18,广州,银卡,19,9981.36,2025-09-10,2
C0671,2024-05-01,男,25,南京,普通,11,1025.54,2025-12-16,39
C0672,2022-05-08,女,29,上海,金卡,41,16178.14,2025-07-10,49
C0673,2023-02-28,男,41,苏州,普通,3,1418.6,2025-12-14,9
C0674,2024-05-10,女,21,深圳,银卡,37,10298.72,2025-09-28,24
C0675,2024-03-08,女,30,广州,金卡,34,1989.87,2025-12-14,48
C0676,2025-04-11,女,40,成都,普通,17,8975.36,2025-12-23,7
C0677,2025-11-25,男,32,武汉,普通,17,8569.3,2025-12-09,10
C0678,2022-02-10,男,28,深圳,银卡,17,6793.57,2025-09-02,4
C0679,2025-03-25,女,27,武汉,黑卡,139,36922.56,2025-12-25,44
C0680,2024-02-19,女,20,西安,银卡,27,12508.91,2025-08-28,36
C0681,2024-09-03,女,39,北京,金卡,38,7263.6,2025-12-19,44
C0682,2022-01-13,男,31,广州,银卡,20,8351.95,2025-12-18,37
C0683,2023-12-22,男,33,杭州,普通,4,695.0,2025-12-14,28
C0684,2023-09-04,女,27,广州,银卡,14,2552.83,2025-07-04,4
C0685,2024-03-09,女,27,南京,金卡,52,15289.14,2025-09-21,8
C0686,2024-05-08,女,29,苏州,普通,7,3382.05,2025-12-07,47
C0687,2025-01-07,女,26,南京,普通,6,1562.84,2025-12-01,1
C0688,2025-01-23,男,18,南京,普通,20,7210.4,2025-12-19,0
C0689,2025-05-20,女,22,西安,银卡,14,1470.66,2025-12-22,39
C0690,2023-03-28,男,37,深圳,黑卡,69,32448.77,2025-09-08,50
C0691,2024-09-26,男,25,杭州,普通,6,794.46,2025-12-18,29
C0692,2023-03-26,女,28,杭州,银卡,45,5712.61,2025-12-22,10
C0693,2023-07-13,女,29,南京,普通,16,957.39,2025-07-30,27
C0694,2024-06-11,男,18,武汉,黑卡,168,39810.87,2025-09-23,43
C0695,2024-09-21,男,42,西安,普通,19,8888.82,2025-12-20,11
C0696,2022-03-01,女,39,南京,银卡,42,14772.45,2025-12-05,38
C0697,2024-03-07,男,37,北京,金卡,77,44892.99,2025-12-22,25
C0698,2023-11-20,女,45,苏州,金卡,92,14636.63,2025-12-04,12
C0699,2025-10-01,男,42,深圳,银卡,46,9689.28,2025-12-22,7
C0700,2025-10-22,女,28,成都,普通,20,5115.86,2025-12-18,27
C0701,2024-04-08,女,22,北京,银卡,25,8272.31,2025-12-06,29
C0702,2022-12-05,男,32,武汉,普通,11,2911.27,2025-08-20,8
C0703,2024-08-15,男,22,广州,普通,5,2272.93,2025-12-16,38
C0704,2022-09-19,男,29,广州,银卡,33,5419.13,2025-12-02,30
C0705,2025-06-28,男,22,北京,普通,3,311.47,2025-12-30,20
C0706,2024-12-29,女,34,南京,普通,16,708.29,2025-12-22,46
C0707,2022-02-25,男,34,成都,金卡,76,5770.23,2025-07-13,33
C0708,2024-03-17,女,41,上海,黑卡,127,21117.98,2025-12-23,30
C0709,2025-04-27,男,29,上海,银卡,22,4897.84,2025-12-23,24
C0710,2025-03-01,女,41,武汉,普通,19,7231.33,2025-12-17,11
C0711,2025-09-19,女,45,南京,普通,2,265.35,2025-12-14,0
C0712,2022-02-25,女,32,杭州,黑卡,140,40130.29,2025-12-08,21
C0713,2022-06-21,女,32,杭州,普通,17,4140.0,2025-12-23,39
C0714,2025-08-09,女,23,深圳,普通,3,616.77,2025-08-12,36
C0715,2024-05-27,男,29,成都,银卡,24,9324.68,2025-12-04,46
C0716,2022-10-05,女,44,成都,银卡,34,6761.76,2025-12-13,0
C0717,2024-08-03,女,37,广州,银卡,33,5726.65,2025-12-15,0
C0718,2023-01-08,女,35,西安,普通,2,1003.81,2025-12-24,41
C0719,2022-04-13,男,31,武汉,普通,2,848.14,2025-12-22,41
C0720,2023-06-17,女,19,上海,黑卡,144,48877.62,2025-07-07,20
C0721,2024-02-16,女,26,武汉,普通,10,3291.27,2025-12-24,14
C0722,2023-11-02,男,22,杭州,金卡,29,11127.96,2025-12-24,16
C0723,2023-03-10,男,37,杭州,金卡,31,8017.55,2025-09-02,21
C0724,2024-07-20,女,43,北京,银卡,44,7354.42,2025-12-24,37
C0725,2023-11-01,女,18,深圳,普通,20,2966.61,2025-09-01,34
C0726,2023-11-23,女,40,成都,普通,17,6668.06,2025-12-19,44
C0727,2024-02-16,男,20,苏州,银卡,29,12602.82,2025-09-19,15
C0728,2023-07-24,女,23,武汉,金卡,79,6830.07,2025-09-22,7
C0729,2024-05-13,男,22,杭州,黑卡,198,23175.65,2025-12-09,46
C0730,2023-06-01,男,38,西安,普通,18,4165.04,2025-12-30,16
C0731,2022-06-17,男,44,广州,普通,2,498.08,2025-12-13,16
C0732,2024-08-21,女,22,上海,黑卡,165,17950.82,2025-12-03,25
C0733,2022-02-09,女,18,深圳,金卡,93,29462.94,2025-12-11,12
C0734,2025-01-09,女,34,西安,金卡,44,15243.94,2025-12-02,16
C0735,2022-04-17,男,36,深圳,普通,11,4807.36,2025-12-02,37
C0736,2023-12-18,女,31,北京,银卡,43,22664.32,2025-12-22,16
C0737,2023-04-05,男,29,苏州,金卡,80,5741.35,2025-12-06,47
C0738,2025-08-24,女,27,杭州,金卡,84,37394.96,2025-12-22,13
C0739,2022-05-21,女,37,广州,银卡,14,2185.41,2025-12-06,44
C0740,2025-08-27,男,38,西安,普通,2,542.78,2025-12-29,5
C0741,2022-03-24,女,35,深圳,银卡,33,7575.29,2025-12-17,34
C0742,2022-03-05,男,41,成都,普通,4,342.96,2025-12-13,45
C0743,2023-05-22,女,44,北京,银卡,26,14012.23,2025-08-19,13
C0744,2023-02-13,女,28,成都,黑卡,71,20531.02,2025-12-09,46
C0745,2022-02-11,男,19,广州,银卡,37,6399.93,2025-12-16,7
C0746,2025-06-26,女,42,西安,金卡,42,12316.72,2025-12-08,14
C0747,2022-11-09,男,35,北京,普通,2,133.81,2025-12-20,26
C0748,2023-05-04,女,42,西安,金卡,51,9220.4,2025-12-30,12
C0749,2022-09-16,女,24,杭州,黑卡,162,90143.08,2025-12-18,48
C0750,2024-08-27,女,41,南京,普通,15,3761.01,2025-12-20,30
C0751,2025-10-03,男,32,北京,普通,17,5895.16,2025-12-03,34
C0752,2022-08-23,女,28,成都,银卡,38,13068.14,2025-07-24,5
C0753,2025-03-01,女,35,广州,普通,20,7363.27,2025-08-29,4
C0754,2023-03-23,男,40,苏州,金卡,40,11578.18,2025-12-11,21
C0755,2024-08-10,男,29,杭州,黑卡,143,23320.25,2025-12-25,48
C0756,2025-12-03,女,23,南京,银卡,28,2642.02,2025-12-24,22
C0757,2023-06-09,女,37,苏州,普通,10,2536.69,2025-12-06,24
C0758,2024-01-26,女,40,上海,银卡,29,11674.07,2025-12-03,33
C0759,2022-12-10,女,30,杭州,金卡,72,30747.48,2025-12-16,25
C0760,2025-05-25,女,37,广州,普通,11,4323.14,2025-09-16,46
C0761,2025-05-28,男,33,深圳,银卡,48,18360.67,2025-12-09,4
C0762,2022-08-23,男,35,北京,银卡,43,13514.53,2025-09-20,25
C0763,2022-12-02,男,27,西安,银卡,8,680.04,2025-12-05,19
C0764,2023-09-30,女,45,广州,普通,11,3996.99,2025-08-08,5
C0765,2022-08-10,男,40,北京,金卡,28,11176.92,2025-12-24,5
C0766,2025-03-31,女,25,苏州,普通,11,2282.67,2025-09-13,49
C0767,2022-02-22,女,35,西安,普通,4,1653.51,2025-12-30,17
C0768,2023-10-01,女,38,武汉,金卡,91,37279.54,2025-07-31,3
C0769,2025-03-25,男,18,成都,金卡,69,5292.14,2025-07-14,16
C0770,2025-10-19,女,40,上海,普通,10,2981.11,2025-12-07,13
C0771,2024-02-08,男,25,杭州,普通,9,3892.54,2025-12-15,13
C0772,2024-03-23,女,23,广州,普通,20,2920.7,2025-12-13,12
C0773,2023-02-11,男,22,上海,普通,5,1151.1,2025-12-29,6
C0774,2022-06-05,男,32,深圳,普通,11,4166.83,2025-12-08,43
C0775,2025-04-27,女,39,北京,普通,3,665.45,2025-09-05,14
C0776,2025-11-15,男,32,北京,银卡,42,17772.62,2025-12-15,18
C0777,2025-07-08,男,19,广州,金卡,38,3395.77,2025-12-27,42
C0778,2023-05-13,女,18,南京,银卡,27,3501.14,2025-12-20,46
C0779,2022-07-28,女,40,南京,金卡,59,7835.74,2025-08-17,43
C0780,2025-11-28,女,40,武汉,普通,13,2978.16,2025-12-01,34
C0781,2023-09-10,女,43,成都,黑卡,83,42168.25,2025-12-19,16
C0782,2025-11-02,女,28,西安,金卡,96,15144.47,2025-09-17,34
C0783,2025-05-14,男,27,深圳,金卡,30,3761.69,2025-12-09,18
C0784,2022-09-05,男,35,上海,金卡,59,26610.79,2025-12-24,19
C0785,2025-03-05,男,35,南京,黑卡,193,23534.99,2025-12-10,35
C0786,2022-03-26,女,34,武汉,银卡,29,1760.6,2025-12-25,34
C0787,2023-12-13,女,43,武汉,普通,11,2689.12,2025-12-21,31
C0788,2024-12-27,女,25,广州,银卡,13,964.92,2025-12-09,47
C0789,2024-05-27,女,32,深圳,金卡,87,31546.16,2025-12-06,43
C0790,2025-09-16,女,25,苏州,金卡,31,9255.11,2025-12-02,39
C0791,2024-01-29,男,34,西安,银卡,46,8849.9,2025-07-16,23
C0792,2022-05-22,女,29,成都,普通,14,7029.16,2025-07-14,16
C0793,2024-11-02,女,44,杭州,银卡,37,7598.91,2025-12-03,6
C0794,2025-08-19,女,25,广州,黑卡,142,53153.02,2025-08-20,42
C0795,2023-11-30,男,42,西安,银卡,6,2201.34,2025-12-11,49
C0796,2022-01-26,女,31,杭州,银卡,28,2720.44,2025-12-03,0
C0797,2024-05-10,女,21,杭州,普通,10,2483.18,2025-12-28,34
C0798,2024-09-30,女,18,深圳,银卡,16,8959.82,2025-09-03,31
C0799,2022-08-05,女,18,深圳,金卡,47,6731.28,2025-12-10,35
C0800,2024-06-06,女,36,上海,金卡,63,14172.06,2025-08-29,12
C0801,2024-01-12,女,33,武汉,金卡,82,9005.21,2025-12-18,5
C0802,2025-07-25,男,31,西安,银卡,17,6767.99,2025-08-07,13
C0803,2024-07-30,女,38,广州,银卡,19,10209.31,2025-12-19,36
C0804,2025-12-19,女,33,北京,普通,5,2278.59,2025-12-14,47
C0805,2022-11-10,女,22,广州,金卡,39,5940.1,2025-12-17,14
C0806,2024-06-10,女,26,上海,银卡,9,2760.73,2025-09-30,46
C0807,2022-12-27,女,43,成都,银卡,23,4450.76,2025-09-02,3
C0808,2024-12-04,女,45,武汉,银卡,11,1007.01,2025-12-07,39
C0809,2025-08-25,女,19,北京,黑卡,179,19885.22,2025-12-28,15
C0810,2023-07-08,男,35,南京,普通,18,1192.54,2025-08-13,27
C0811,2025-06-15,女,23,成都,金卡,87,40360.06,2025-09-24,15
C0812,2025-01-07,女,26,深圳,普通,2,172.52,2025-12-15,3
C0813,2024-09-17,男,18,杭州,银卡,47,4597.43,2025-12-30,44
C0814,2024-08-10,女,26,南京,普通,11,4950.78,2025-12-14,25
C0815,2024-06-11,女,42,广州,普通,20,8910.05,2025-12-28,27
C0816,2025-04-28,女,33,广州,银卡,13,1247.95,2025-07-15,31
C0817,2023-07-04,女,30,深圳,普通,20,1023.37,2025-07-11,44
C0818,2023-10-23,男,26,上海,银卡,29,5918.29,2025-12-18,1
C0819,2023-05-18,男,38,西安,黑卡,89,19993.43,2025-12-23,30
C0820,2022-06-27,男,30,南京,普通,6,1028.94,2025-12-16,2
C0821,2023-07-26,女,26,南京,金卡,43,17992.82,2025-12-26,7
C0822,2024-07-12,男,28,苏州,银卡,49,24211.28,2025-12-25,23
C0823,2023-05-15,男,21,成都,金卡,99,48814.46,2025-07-10,14
C0824,2024-08-09,男,19,武汉,普通,6,2945.84,2025-12-01,42
C0825,2025-03-13,女,23,成都,普通,15,1528.86,2025-12-15,30
C0826,2025-06-03,女,31,西安,普通,2,419.35,2025-12-03,8
C0827,2025-09-30,男,21,广州,普通,14,4296.77,2025-12-22,38
C0828,2024-02-16,男,23,广州,普通,12,6192.81,2025-12-26,44
C0829,2023-11-20,女,36,广州,金卡,50,3187.07,2025-12-08,1
C0830,2022-02-28,女,23,苏州,金卡,76,4193.57,2025-12-12,7
C0831,2024-10-09,男,19,广州,金卡,98,27026.81,2025-12-10,6
C0832,2023-10-28,女,35,西安,金卡,56,21812.44,2025-12-02,43
C0833,2023-01-08,男,30,深圳,普通,15,2352.73,2025-12-14,50
C0834,2024-09-25,男,26,武汉,普通,8,1324.12,2025-12-13,38
C0835,2023-03-11,女,40,西安,普通,18,1712.19,2025-12-19,41
C0836,2023-12-28,女,36,武汉,普通,8,1058.63,2025-12-23,15
C0837,2023-06-14,女,30,西安,银卡,24,1903.28,2025-12-16,34
C0838,2023-11-29,男,28,广州,银卡,35,6814.42,2025-12-17,29
C0839,2023-07-27,女,18,深圳,银卡,17,5185.18,2025-08-25,9
C0840,2025-05-05,女,41,南京,银卡,28,6608.34,2025-07-28,37
C0841,2025-12-07,男,39,成都,金卡,93,33505.22,2025-12-03,17
C0842,2023-07-20,女,24,杭州,金卡,76,7464.17,2025-08-27,49
C0843,2025-02-12,男,42,深圳,普通,15,6361.84,2025-12-30,4
C0844,2022-01-21,女,38,南京,黑卡,122,11130.64,2025-12-15,28
C0845,2024-11-24,男,32,上海,黑卡,147,11597.34,2025-12-15,38
C0846,2023-01-27,女,18,西安,普通,17,1764.37,2025-08-08,33
C0847,2022-06-25,男,29,上海,银卡,38,7930.1,2025-12-11,42
C0848,2023-05-10,女,43,南京,银卡,31,13649.4,2025-10-02,44
C0849,2024-04-12,女,24,深圳,黑卡,91,47294.25,2025-12-24,22
C0850,2024-09-27,女,32,西安,金卡,45,9359.72,2025-12-13,4
C0851,2025-02-11,男,38,杭州,普通,20,2804.98,2025-12-23,29
C0852,2023-05-08,女,36,广州,银卡,13,1699.49,2025-07-12,5
C0853,2025-11-15,男,45,西安,银卡,21,9639.93,2025-12-18,45
C0854,2024-09-02,女,42,西安,银卡,8,869.22,2025-09-22,43
C0855,2025-08-15,男,18,深圳,普通,16,4419.17,2025-12-23,3
C0856,2025-12-28,男,34,深圳,金卡,67,14663.62,2025-12-05,28
C0857,2024-10-02,男,34,南京,金卡,90,24867.36,2025-12-05,22
C0858,2024-07-06,女,20,北京,金卡,33,5048.99,2025-12-22,5
C0859,2022-02-05,女,29,西安,金卡,86,22361.97,2025-07-26,31
C0860,2022-07-10,男,23,成都,金卡,35,3248.51,2025-12-17,41
C0861,2023-08-26,女,43,西安,银卡,23,11441.52,2025-09-24,17
C0862,2023-03-30,女,28,南京,银卡,10,5117.3,2025-08-26,14
C0863,2024-04-08,女,20,武汉,普通,6,1753.05,2025-08-05,39
C0864,2025-11-17,女,25,上海,金卡,54,29431.85,2025-12-22,31
C0865,2023-05-14,女,31,广州,普通,15,1568.41,2025-12-15,8
C0866,2023-09-20,女,31,北京,金卡,85,17863.83,2025-09-30,36
C0867,2025-09-21,男,27,杭州,普通,5,1266.78,2025-07-26,9
C0868,2025-04-06,男,19,杭州,普通,14,5097.91,2025-09-19,19
C0869,2024-01-26,女,31,杭州,普通,3,1683.15,2025-09-16,5
C0870,2024-08-27,女,26,深圳,普通,8,614.04,2025-12-07,47
C0871,2025-02-07,男,20,杭州,金卡,77,36782.04,2025-09-21,2
C0872,2024-12-23,男,38,广州,金卡,64,28267.58,2025-07-31,41
C0873,2023-12-06,女,43,上海,银卡,6,579.07,2025-08-10,10
C0874,2024-05-21,女,25,杭州,普通,14,7212.5,2025-12-05,42
C0875,2025-02-01,男,33,西安,普通,2,180.27,2025-12-19,16
C0876,2023-11-09,男,19,西安,普通,13,6868.97,2025-12-05,31
C0877,2023-12-22,女,23,深圳,普通,17,2361.68,2025-09-22,3
C0878,2025-12-10,女,45,广州,金卡,67,30302.06,2025-12-26,3
C0879,2024-07-18,男,38,上海,普通,8,3375.2,2025-08-13,16
C0880,2023-07-09,男,43,北京,银卡,29,9186.45,2025-08-03,40
C0881,2023-09-20,男,42,南京,普通,3,948.7,2025-08-31,18
C0882,2023-05-30,女,29,上海,普通,12,4641.33,2025-12-04,4
C0883,2023-04-18,男,22,南京,银卡,19,1386.34,2025-09-01,31
C0884,2022-09-05,男,19,武汉,银卡,6,2228.41,2025-12-16,21
C0885,2023-01-30,女,33,南京,普通,11,1058.54,2025-09-28,5
C0886,2023-10-09,男,22,成都,普通,4,2186.53,2025-09-20,34
C0887,2022-09-02,女,32,西安,银卡,50,9296.67,2025-12-24,21
C0888,2025-01-02,男,29,广州,普通,11,2580.52,2025-12-09,0
C0889,2025-11-14,男,21,苏州,普通,5,1669.15,2025-12-01,19
C0890,2023-01-15,男,32,深圳,黑卡,85,34200.58,2025-12-10,21
C0891,2023-01-28,女,28,成都,银卡,7,433.66,2025-12-07,47
C0892,2023-03-20,女,33,南京,银卡,23,5357.27,2025-12-14,10
C0893,2024-09-18,女,40,杭州,银卡,35,6473.89,2025-08-02,12
C0894,2023-07-21,男,23,广州,银卡,49,8490.18,2025-12-24,41
C0895,2025-04-22,女,31,成都,银卡,13,1333.1,2025-12-29,2
C0896,2024-12-10,男,35,深圳,金卡,80,30733.78,2025-12-24,8
C0897,2025-05-07,男,29,西安,金卡,77,26932.6,2025-12-23,11
C0898,2023-08-03,女,44,广州,普通,20,5996.18,2025-12-20,22
C0899,2022-07-25,男,28,深圳,银卡,5,1215.98,2025-08-28,13
C0900,2023-02-02,男,30,武汉,银卡,10,1839.69,2025-12-18,32
C0901,2023-08-30,男,38,武汉,金卡,22,5109.78,2025-12-30,17
C0902,2023-04-11,男,40,深圳,银卡,21,9717.31,2025-12-12,48
C0903,2024-01-10,男,28,成都,银卡,18,8019.36,2025-12-15,40
C0904,2023-01-03,女,40,广州,普通,5,1833.42,2025-12-26,8
C0905,2023-09-12,女,33,成都,银卡,40,10905.11,2025-12-28,22
C0906,2022-01-29,女,32,北京,普通,20,4622.13,2025-07-31,9
C0907,2025-12-21,女,38,南京,普通,17,7603.12,2025-07-15,18
C0908,2024-12-29,男,45,北京,普通,14,4750.54,2025-12-06,46
C0909,2022-09-17,男,32,武汉,金卡,34,7657.73,2025-12-29,4
C0910,2023-07-16,男,42,西安,普通,10,584.36,2025-12-26,46
C0911,2022-04-04,女,21,上海,银卡,20,2629.98,2025-12-05,22
C0912,2022-04-22,男,28,南京,金卡,58,29974.87,2025-08-01,29
C0913,2025-02-07,女,36,武汉,普通,4,355.01,2025-07-23,24
C0914,2023-08-22,女,32,成都,银卡,8,2355.41,2025-12-06,27
C0915,2025-11-29,女,21,成都,银卡,20,9136.98,2025-12-02,33
C0916,2022-09-16,女,38,成都,普通,14,2814.57,2025-12-24,44
C0917,2025-07-30,男,30,西安,金卡,99,8990.53,2025-08-15,47
C0918,2024-10-02,女,39,北京,普通,15,2352.66,2025-12-26,46
C0919,2022-07-30,女,36,上海,银卡,9,4692.63,2025-09-27,24
C0920,2022-01-26,男,19,成都,银卡,12,4213.79,2025-12-16,9
C0921,2025-03-21,女,31,苏州,银卡,36,6008.57,2025-12-13,13
C0922,2023-08-06,女,21,南京,金卡,96,42005.66,2025-12-24,41
C0923,2024-08-19,女,33,广州,普通,18,10317.23,2025-12-13,45
C0924,2024-09-07,女,38,苏州,普通,1,120.12,2025-12-07,29
C0925,2024-06-21,女,37,上海,金卡,100,32730.22,2025-12-03,40
C0926,2023-11-29,男,31,西安,银卡,37,17047.92,2025-12-01,24
C0927,2023-01-13,男,44,上海,金卡,93,26558.15,2025-12-25,13
C0928,2022-04-16,女,32,广州,金卡,50,19189.73,2025-09-13,34
C0929,2023-06-02,女,45,南京,金卡,38,13248.72,2025-12-04,47
C0930,2024-09-05,男,20,广州,银卡,23,9168.25,2025-08-17,33
C0931,2022-08-22,男,25,深圳,普通,14,7998.3,2025-12-06,9
C0932,2022-05-14,女,33,南京,金卡,20,6141.77,2025-12-18,34
C0933,2024-03-31,女,27,上海,银卡,44,6092.6,2025-12-02,10
C0934,2024-10-04,女,21,成都,普通,12,947.48,2025-08-17,10
C0935,2022-06-01,男,35,上海,金卡,50,15886.67,2025-12-23,20
C0936,2025-03-27,男,19,上海,金卡,93,29405.8,2025-12-28,20
C0937,2025-07-13,男,34,南京,银卡,31,7923.84,2025-12-13,21
C0938,2025-11-06,女,30,深圳,普通,6,1030.53,2025-12-24,44
C0939,2022-04-20,男,21,上海,银卡,47,11441.57,2025-12-15,6
C0940,2022-11-07,女,43,苏州,金卡,30,15700.45,2025-12-26,16
C0941,2022-11-02,男,42,武汉,黑卡,184,32590.41,2025-12-20,1
C0942,2025-02-26,女,28,杭州,普通,12,1551.97,2025-12-20,11
C0943,2023-09-15,女,24,杭州,普通,3,406.17,2025-07-28,41
C0944,2022-06-24,女,29,上海,金卡,87,42462.97,2025-12-29,17
C0945,2023-05-24,男,27,苏州,银卡,39,10899.59,2025-12-26,10
C0946,2022-08-31,男,24,成都,银卡,37,9646.55,2025-09-28,15
C0947,2025-02-16,男,30,西安,黑卡,179,66723.09,2025-08-01,48
C0948,2024-05-02,女,24,西安,普通,18,1699.15,2025-09-28,50
C0949,2025-05-26,女,41,南京,银卡,6,1102.41,2025-12-04,17
C0950,2025-05-05,女,34,杭州,普通,13,1847.07,2025-12-15,34
C0951,2025-06-20,女,27,上海,银卡,35,10670.42,2025-12-08,25
C0952,2023-04-08,女,27,西安,金卡,25,7921.05,2025-12-29,15
C0953,2024-12-06,男,41,上海,银卡,45,6773.37,2025-12-11,5
C0954,2024-02-19,女,21,南京,黑卡,149,54100.7,2025-12-30,43
C0955,2024-07-11,女,37,杭州,银卡,28,11362.01,2025-12-24,42
C0956,2024-06-25,男,21,广州,普通,9,1573.73,2025-12-01,46
C0957,2023-09-01,女,39,武汉,普通,1,406.36,2025-12-28,46
C0958,2025-04-20,男,24,武汉,银卡,27,6112.12,2025-12-10,47
C0959,2024-05-28,男,39,西安,银卡,9,1531.69,2025-07-23,41
C0960,2023-09-18,女,18,武汉,普通,12,4064.45,2025-12-02,11
C0961,2025-03-10,男,29,广州,银卡,20,9648.14,2025-12-19,12
C0962,2025-06-25,女,41,上海,银卡,47,13398.56,2025-12-29,3
C0963,2022-05-04,男,30,南京,金卡,100,52661.67,2025-12-22,38
C0964,2025-06-02,男,27,广州,金卡,33,1901.03,2025-12-07,1
C0965,2022-07-23,男,32,南京,金卡,94,23284.18,2025-08-25,25
C0966,2023-03-02,男,44,南京,普通,11,3547.21,2025-09-05,26
C0967,2025-07-05,女,30,杭州,普通,5,1426.59,2025-12-27,26
C0968,2023-03-09,男,40,上海,金卡,25,6507.56,2025-09-03,14
C0969,2023-06-26,女,39,苏州,银卡,27,9671.77,2025-12-24,7
C0970,2025-09-14,女,39,武汉,普通,18,4874.4,2025-07-10,6
C0971,2022-06-16,女,38,苏州,金卡,63,8968.31,2025-07-14,46
C0972,2022-11-18,女,39,杭州,金卡,42,4503.37,2025-12-13,45
C0973,2023-05-07,女,45,南京,银卡,48,19913.61,2025-12-17,39
C0974,2022-12-22,男,26,西安,普通,15,3244.23,2025-12-06,11
C0975,2025-02-04,男,43,武汉,金卡,81,13244.85,2025-12-19,12
C0976,2022-06-03,男,26,武汉,银卡,45,15037.0,2025-12-08,42
C0977,2022-11-17,女,32,上海,金卡,43,8676.55,2025-12-02,16
C0978,2022-01-06,男,27,深圳,金卡,37,12380.73,2025-09-09,16
C0979,2024-04-16,女,41,北京,金卡,28,6745.09,2025-12-14,35
C0980,2024-07-11,女,43,北京,银卡,50,15676.86,2025-12-25,20
C0981,2025-11-12,男,42,北京,普通,15,3904.17,2025-12-11,7
C0982,2025-05-01,女,27,深圳,金卡,24,5484.95,2025-12-19,4
C0983,2024-08-20,男,25,上海,银卡,23,4678.62,2025-12-13,25
C0984,2023-08-20,男,41,深圳,金卡,45,14808.16,2025-12-20,15
C0985,2022-03-08,女,33,北京,普通,2,731.67,2025-12-17,35
C0986,2023-04-20,女,34,杭州,普通,7,2498.88,2025-12-17,27
C0987,2023-08-14,女,43,广州,金卡,25,5827.12,2025-12-20,28
C0988,2025-12-18,女,44,南京,金卡,60,23571.32,2025-12-12,46
C0989,2023-08-03,男,22,深圳,黑卡,129,7178.75,2025-12-18,11
C0990,2025-12-10,女,21,上海,金卡,85,7263.85,2025-12-01,36
C0991,2024-07-18,女,35,上海,银卡,30,4747.76,2025-12-19,29
C0992,2022-05-26,女,41,苏州,金卡,89,12838.14,2025-12-16,22
C0993,2025-11-08,男,36,广州,金卡,80,31065.77,2025-12-30,15
C0994,2023-04-24,女,21,西安,银卡,21,1904.96,2025-12-21,13
C0995,2023-06-26,男,45,武汉,银卡,7,2948.78,2025-12-14,9
C0996,2025-07-04,男,24,北京,普通,7,2331.58,2025-08-25,6
C0997,2025-04-22,女,27,西安,银卡,23,7648.5,2025-09-04,44
C0998,2025-09-16,男,42,苏州,金卡,65,15255.04,2025-08-23,36
C0999,2023-02-10,女,35,北京,普通,2,188.35,2025-07-06,28
C1000,2024-05-20,女,36,广州,普通,11,1558.32,2025-12-01,2
