customer_id,membership_level,join_date,points_balance,points_earned_total,points_redeemed,membership_years,annual_spend,referral_count,last_activity_date
C0001,银卡,2025-08-17,2511,25079,10510,2.5,7099.99,13,2025-11-09
C0002,普通,2022-08-28,4809,32899,13686,3.3,608.04,5,2024-05-29
C0003,银卡,2022-03-23,15045,50218,15667,2.6,4417.95,14,2025-04-23
C0004,黑卡,2023-07-31,70088,117864,58748,2.1,46696.93,13,2024-07-27
C0005,银卡,2023-06-09,12873,32504,12621,1.8,3022.14,17,2025-01-24
C0006,金卡,2023-04-26,47964,92727,73218,2.6,11964.61,13,2025-11-18
C0007,金卡,2022-11-06,45283,73065,33930,1.5,11398.42,2,2025-01-20
C0008,普通,2022-08-25,3807,35689,7556,3.8,2427.96,5,2024-08-14
C0009,黑卡,2025-11-09,47774,74711,73053,4.0,27017.59,15,2025-11-30
C0010,普通,2025-01-26,2273,44259,29723,4.8,2135.48,7,2024-06-20
C0011,银卡,2022-07-22,2052,34606,26457,1.5,3786.31,9,2024-12-25
C0012,普通,2025-05-07,4607,37631,29983,4.0,1629.81,4,2025-02-03
C0013,普通,2024-05-22,4959,6269,3807,3.2,1386.64,3,2025-11-03
C0014,银卡,2022-04-04,6761,46891,43727,4.8,5408.27,3,2025-04-17
C0015,普通,2022-03-06,881,27144,14273,2.8,2223.42,4,2024-07-28
C0016,银卡,2022-07-16,16102,34456,3974,3.2,2185.96,0,2025-12-22
C0017,银卡,2023-04-17,16841,38171,615,3.3,6801.99,5,2024-07-09
C0018,普通,2023-05-05,1541,37794,25413,3.1,1147.79,19,2024-06-23
C0019,普通,2024-10-31,2692,17131,9168,1.0,1352.21,2,2024-07-28
C0020,银卡,2025-06-02,4045,35578,14708,1.6,5913.56,6,2024-10-18
C0021,普通,2022-03-04,3428,21144,10163,4.9,1788.48,16,2025-06-01
C0022,金卡,2025-03-11,36244,84451,42545,3.2,18892.62,2,2025-04-07
C0023,金卡,2023-02-15,43306,61803,61718,1.4,13220.15,7,2024-10-01
C0024,金卡,2025-09-08,14218,51970,42995,2.6,19367.27,1,2025-07-31
C0025,金卡,2026-01-01,14360,35788,29821,0.9,14915.63,2,2024-08-06
C0026,银卡,2025-02-10,7756,45528,44323,2.2,7173.31,9,2025-09-04
C0027,金卡,2024-05-23,24142,55367,41616,1.7,16370.81,18,2024-03-07
C0028,普通,2023-04-09,3854,25890,21898,0.7,1655.15,9,2025-03-12
C0029,普通,2024-07-13,1573,11277,3820,2.5,2014.93,17,2025-11-14
C0030,金卡,2025-04-21,38101,43401,5244,2.9,16959.42,1,2025-02-04
C0031,银卡,2023-08-11,15838,31080,20940,3.8,7796.76,5,2024-01-06
C0032,金卡,2022-02-02,11886,35409,30960,2.5,11094.24,19,2024-04-08
C0033,金卡,2022-12-22,41340,83132,30976,0.8,17971.01,16,2025-08-17
C0034,金卡,2025-12-01,18918,32168,1461,3.0,12306.15,19,2024-05-06
C0035,黑卡,2024-05-28,45862,51280,14919,3.9,41471.48,1,2024-02-04
C0036,银卡,2023-12-16,16690,48088,14797,4.5,7531.6,17,2025-09-09
C0037,普通,2023-07-31,1854,23081,5801,0.9,1742.2,17,2024-01-11
C0038,银卡,2022-11-17,10625,33309,17314,1.9,4499.84,20,2024-11-05
C0039,银卡,2023-04-05,1367,46272,38020,2.4,7917.33,16,2025-07-15
C0040,银卡,2023-12-17,6906,53478,51855,2.1,5312.98,2,2025-06-15
C0041,金卡,2022-08-11,30029,51739,27538,3.2,11297.83,18,2025-03-17
C0042,金卡,2022-07-16,18690,58091,49048,2.1,13367.47,12,2025-02-09
C0043,银卡,2024-02-18,6624,47913,47353,2.3,7975.98,13,2024-01-24
C0044,普通,2022-08-12,1398,11894,11883,5.0,1045.2,9,2025-03-28
C0045,银卡,2024-02-02,9859,42920,29569,1.6,3839.5,11,2024-07-31
C0046,普通,2023-12-13,770,46746,21845,3.9,597.36,5,2024-06-06
C0047,金卡,2025-06-19,44420,85326,65519,2.8,17774.12,6,2025-02-27
C0048,普通,2023-07-15,1880,33997,17303,4.6,2233.56,3,2024-11-12
C0049,普通,2022-04-18,502,18594,11150,3.5,641.97,18,2024-11-07
C0050,普通,2024-08-08,3373,38695,7622,1.4,1607.14,3,2025-04-03
C0051,银卡,2025-02-02,9048,55582,51084,4.7,6019.54,18,2025-07-25
C0052,银卡,2022-09-15,7056,37129,21,0.6,6838.22,18,2025-08-07
C0053,普通,2024-02-28,1922,20138,9902,0.6,2600.49,1,2025-10-05
C0054,普通,2022-07-04,3554,9354,8893,2.1,1664.23,16,2025-12-08
C0055,银卡,2025-02-19,11245,56291,18409,4.3,4327.58,4,2024-07-21
C0056,普通,2023-09-23,2527,6845,4369,2.1,2700.4,2,2025-11-11
C0057,金卡,2025-07-12,10944,57296,56281,2.0,15605.15,6,2025-04-25
C0058,银卡,2025-06-29,4084,45872,2830,4.1,7159.28,6,2025-06-10
C0059,银卡,2024-01-21,18834,38013,19888,1.6,3897.82,10,2024-12-31
C0060,普通,2025-03-29,818,35426,28756,2.6,563.85,12,2025-09-20
C0061,黑卡,2023-02-20,70632,96013,95074,2.6,36924.63,17,2025-01-06
C0062,银卡,2025-12-23,10508,55428,52559,4.1,4951.58,6,2025-10-07
C0063,金卡,2022-06-15,27593,37948,14235,0.6,13484.42,3,2024-10-13
C0064,普通,2022-04-23,1377,29561,27646,1.4,1469.76,14,2024-04-03
C0065,银卡,2025-10-12,10716,39898,7672,2.2,2940.33,4,2025-05-10
C0066,普通,2023-04-30,4528,25811,17740,3.6,976.87,7,2025-03-17
C0067,银卡,2023-09-02,9871,59818,6077,2.7,6292.98,13,2024-02-29
C0068,黑卡,2022-06-17,50355,58339,22573,3.2,32536.73,20,2025-09-23
C0069,银卡,2023-05-21,2009,51142,25363,1.2,3695.13,12,2025-11-17
C0070,普通,2022-08-21,1288,44111,1280,2.4,1090.74,15,2024-01-24
C0071,普通,2024-02-22,2289,10110,5585,2.2,972.73,1,2025-09-05
C0072,银卡,2023-08-22,9016,49558,18973,3.0,5489.86,9,2024-07-21
C0073,普通,2024-08-07,3013,43667,10629,3.5,2010.04,2,2025-05-22
C0074,普通,2025-08-16,59,32469,15848,0.6,824.74,15,2024-04-09
C0075,金卡,2024-02-10,49382,77295,6745,1.0,13760.56,2,2025-02-28
C0076,银卡,2022-12-13,11081,28035,14909,1.7,6092.71,0,2024-10-26
C0077,普通,2024-02-12,3598,25629,19475,0.8,608.05,20,2025-12-25
C0078,黑卡,2024-01-05,83916,98697,76503,4.8,21555.05,6,2025-11-03
C0079,普通,2023-03-27,2875,20553,11792,4.8,717.5,17,2025-11-08
C0080,黑卡,2025-10-29,41909,82190,75985,1.8,49988.73,18,2025-01-09
C0081,普通,2023-07-04,966,27690,23531,1.9,845.61,2,2025-10-15
C0082,金卡,2026-01-07,43734,67138,39176,3.5,17499.06,19,2025-07-26
C0083,银卡,2025-11-05,14952,35911,31281,5.0,6806.98,3,2024-04-20
C0084,金卡,2025-09-19,14268,19082,13551,1.8,10410.85,16,2024-01-15
C0085,黑卡,2022-06-20,74087,97661,15383,5.0,20551.77,15,2024-10-19
C0086,普通,2025-06-07,3412,45541,6893,2.8,1094.73,9,2024-12-24
C0087,黑卡,2025-08-01,65909,94571,14090,3.8,39302.45,1,2025-05-17
C0088,银卡,2023-01-11,1264,21724,1678,0.7,6265.61,10,2024-09-09
C0089,银卡,2025-01-05,19872,27285,15863,3.0,6853.17,0,2024-10-05
C0090,普通,2023-06-12,2334,42501,37757,4.6,1211.86,3,2025-03-04
C0091,银卡,2022-12-25,4376,30906,15488,4.3,4702.94,7,2025-03-21
C0092,普通,2024-08-20,2530,31505,12851,3.1,1156.2,6,2025-08-11
C0093,银卡,2024-03-17,17219,52012,20098,2.7,6139.83,5,2024-11-03
C0094,银卡,2023-07-24,12519,51865,29463,3.3,3130.25,0,2024-09-18
C0095,金卡,2025-08-19,22609,50677,23727,1.6,19560.1,7,2025-05-20
C0096,金卡,2025-12-10,45333,61003,19000,2.8,9439.34,8,2024-08-06
C0097,银卡,2025-02-15,3128,50585,44145,1.1,4892.43,8,2025-12-06
C0098,普通,2023-04-04,1577,2197,1438,2.2,687.09,18,2024-08-27
C0099,普通,2025-11-19,3829,7194,3426,2.3,1559.7,11,2025-07-06
C0100,普通,2023-11-07,318,37493,22375,0.6,2030.94,13,2025-03-27
C0101,普通,2022-05-22,2620,16256,7558,4.1,2715.57,0,2025-07-16
C0102,普通,2023-05-14,2548,25648,4910,4.0,1962.9,15,2024-02-28
C0103,普通,2022-03-09,1099,49459,33537,1.6,2275.9,2,2025-12-29
C0104,黑卡,2023-10-30,69332,102482,74091,1.5,25988.72,8,2024-11-29
C0105,银卡,2024-04-10,11642,23780,14939,3.5,4068.06,16,2024-05-13
C0106,普通,2023-07-23,764,4863,1242,0.6,1628.71,15,2025-05-28
C0107,银卡,2022-05-20,2828,10153,2726,3.1,7931.78,12,2025-08-09
C0108,普通,2023-03-10,4166,30218,12694,1.8,2783.12,11,2024-01-31
C0109,银卡,2025-03-11,6868,19529,18894,1.9,2892.78,1,2025-11-06
C0110,银卡,2023-10-18,13633,16199,3442,3.3,2245.73,15,2024-12-05
C0111,银卡,2023-03-31,3493,9220,4850,3.3,2681.28,14,2025-02-02
C0112,银卡,2025-09-30,3313,53128,33220,1.5,3508.86,11,2025-03-23
C0113,黑卡,2024-10-26,33560,81921,44283,0.6,21809.66,4,2024-12-19
C0114,金卡,2024-04-02,23083,44631,17587,3.6,19641.25,11,2024-03-30
C0115,银卡,2025-08-18,11430,49252,44584,3.7,3592.81,20,2025-07-20
C0116,银卡,2024-08-08,13560,44815,1620,1.0,7600.09,14,2024-07-14
C0117,银卡,2022-10-21,11470,54313,49690,5.0,4162.71,4,2025-03-29
C0118,普通,2023-07-24,2188,44185,13318,3.0,1185.24,7,2025-07-09
C0119,银卡,2022-11-03,6938,17211,341,3.4,4820.64,2,2024-11-06
C0120,普通,2023-05-25,4734,16142,9975,1.9,1479.07,12,2025-04-05
C0121,银卡,2025-03-12,6748,25249,16628,1.7,6595.83,6,2025-03-29
C0122,银卡,2025-01-13,2154,11729,4224,3.9,2646.64,3,2024-04-02
C0123,普通,2023-07-18,1429,9803,6229,1.2,1909.3,12,2025-08-30
C0124,黑卡,2025-05-05,61701,96163,69261,3.3,47451.0,0,2025-06-25
C0125,黑卡,2024-06-03,92951,111451,45727,3.6,35897.29,6,2025-07-06
C0126,金卡,2025-04-13,35049,84912,54638,2.1,19391.73,15,2025-05-29
C0127,银卡,2024-04-04,13504,49088,747,2.8,2884.85,20,2024-08-30
C0128,金卡,2024-01-20,38362,87293,56868,4.1,15478.01,16,2025-03-31
C0129,普通,2023-03-30,4776,18964,12417,1.2,2389.56,2,2024-10-07
C0130,金卡,2022-10-26,37749,57857,47419,2.0,6199.77,2,2024-09-08
C0131,普通,2024-11-20,4914,48452,38674,2.5,1546.19,20,2024-09-27
C0132,金卡,2024-10-31,21355,60789,47770,2.0,6415.29,1,2024-12-29
C0133,普通,2022-07-17,1375,12445,9788,2.3,2337.36,10,2024-02-14
C0134,金卡,2022-04-21,47345,78875,23854,0.5,7447.15,14,2025-09-12
C0135,黑卡,2022-08-25,75478,100584,85190,1.1,20383.75,0,2025-02-16
C0136,普通,2022-11-24,1914,28897,23521,0.7,2673.26,6,2025-06-04
C0137,银卡,2025-07-14,8592,44952,26720,1.5,7438.11,18,2024-11-22
C0138,黑卡,2022-12-13,80295,83594,8870,4.8,33935.71,19,2025-09-25
C0139,银卡,2025-11-13,4056,41362,14318,0.7,3421.13,12,2024-08-07
C0140,金卡,2024-05-16,47269,88553,68079,2.2,15941.19,6,2025-05-30
C0141,银卡,2025-05-09,9193,43365,8664,2.6,2158.49,1,2024-02-11
C0142,银卡,2022-06-02,4043,20791,13427,4.3,4317.22,13,2025-02-08
C0143,普通,2024-03-09,535,29201,25617,4.9,1208.21,12,2024-06-10
C0144,普通,2024-03-01,4438,47457,35904,1.0,1893.64,14,2024-11-27
C0145,金卡,2025-05-23,22574,68166,62437,2.1,10937.82,0,2024-02-29
C0146,银卡,2024-08-16,1532,4863,276,3.5,6027.18,0,2024-06-02
C0147,银卡,2025-01-11,8552,14079,10236,2.8,7620.86,11,2024-09-02
C0148,银卡,2023-06-08,11012,52646,50300,3.8,4225.87,19,2024-02-16
C0149,银卡,2025-02-27,5155,38426,29023,4.2,3943.05,19,2025-06-07
C0150,金卡,2022-02-01,28379,30680,28939,1.0,19154.09,8,2025-08-07
C0151,黑卡,2025-10-31,49503,67598,57764,2.8,35322.13,12,2025-10-22
C0152,银卡,2022-09-20,10635,11266,7474,3.3,2306.33,19,2025-08-28
C0153,金卡,2025-10-30,10144,23612,14386,4.0,19573.35,12,2025-11-20
C0154,金卡,2025-01-20,34808,47788,39068,2.8,8971.44,12,2025-02-03
C0155,银卡,2023-07-28,14914,34675,24548,4.6,3996.98,19,2024-10-14
C0156,黑卡,2025-08-27,53288,89665,61392,2.0,15231.59,7,2025-02-06
C0157,普通,2023-12-04,4197,4625,334,2.4,1746.05,4,2025-09-14
C0158,普通,2022-09-06,1538,6355,6200,2.4,2420.4,7,2025-10-17
C0159,金卡,2023-09-03,27705,49670,42877,3.7,14480.01,6,2024-06-18
C0160,银卡,2024-06-16,14438,28901,6721,4.1,6032.99,14,2024-09-28
C0161,金卡,2022-12-03,22538,51384,37322,4.3,18921.05,1,2024-08-15
C0162,金卡,2024-08-15,23210,72314,53250,1.5,9029.43,0,2024-11-01
C0163,普通,2022-01-26,2456,18416,4728,1.1,2115.42,15,2024-08-25
C0164,金卡,2023-07-05,43907,68565,49315,2.9,12834.22,3,2025-01-01
C0165,银卡,2024-10-29,18655,53291,14602,1.8,7146.95,10,2024-09-14
C0166,银卡,2023-01-30,8539,34796,32571,1.7,3150.12,16,2025-06-25
C0167,银卡,2024-11-30,8803,35133,30699,3.4,6339.05,0,2025-02-19
C0168,黑卡,2022-08-08,63731,112777,77235,0.7,17160.07,0,2025-09-01
C0169,普通,2025-08-01,1709,33657,12041,3.0,2195.94,18,2024-12-03
C0170,银卡,2023-09-05,16487,23424,14550,4.1,4466.36,15,2024-06-30
C0171,金卡,2025-08-22,34309,57079,4571,2.4,6409.24,2,2024-04-24
C0172,金卡,2024-11-25,16719,38203,5596,2.0,8491.21,8,2024-07-10
C0173,金卡,2025-06-28,44525,61743,3615,2.6,16385.62,20,2024-04-14
C0174,普通,2023-02-17,3123,21085,14345,3.3,1110.49,1,2025-12-03
C0175,普通,2022-12-01,3573,30990,24880,4.2,1913.91,17,2024-12-30
C0176,银卡,2024-02-23,9336,10469,3905,4.1,6325.24,13,2025-02-02
C0177,金卡,2022-12-12,12443,35156,23435,4.3,19762.71,6,2024-02-02
C0178,普通,2025-01-24,4159,20318,4037,1.8,2587.87,7,2024-08-28
C0179,普通,2024-12-25,3560,42049,8520,1.9,2870.1,5,2025-05-31
C0180,黑卡,2022-01-23,77444,87652,72600,0.6,29843.11,6,2025-04-07
C0181,普通,2025-05-31,2359,28211,19564,1.2,2822.83,9,2024-03-06
C0182,黑卡,2023-10-29,53033,55813,27488,4.9,15608.02,6,2024-01-06
C0183,金卡,2024-10-07,28630,69038,22595,3.6,19257.24,0,2025-06-17
C0184,金卡,2022-02-09,26324,55090,12283,1.2,8572.66,12,2025-07-13
C0185,普通,2022-08-31,4604,36459,2128,2.9,655.17,10,2024-02-16
C0186,普通,2024-01-18,1446,19065,13332,4.3,1610.31,17,2024-08-02
C0187,金卡,2023-10-13,35147,84250,70731,1.4,19284.57,15,2024-12-04
C0188,金卡,2023-05-24,18752,45256,42805,0.8,15471.48,9,2024-11-13
C0189,金卡,2022-05-02,46338,87921,22010,4.4,11605.75,9,2025-03-05
C0190,普通,2023-06-08,2701,48709,18836,1.6,1644.78,17,2025-09-28
C0191,金卡,2025-03-28,32513,41642,13219,0.8,14476.89,16,2024-10-24
C0192,金卡,2022-07-10,11364,43954,10745,2.2,12043.32,17,2025-01-25
C0193,金卡,2022-07-09,39475,48490,15193,1.5,19139.71,6,2025-03-13
C0194,金卡,2024-10-11,27628,30878,6310,0.8,12471.18,19,2024-01-01
C0195,金卡,2022-05-26,23382,64712,44853,4.3,18847.62,20,2024-11-02
C0196,银卡,2025-01-07,12141,34048,15850,1.0,2402.81,5,2025-08-24
C0197,普通,2022-10-13,177,49388,3400,2.9,1351.9,7,2024-03-01
C0198,银卡,2022-10-15,19927,33541,9378,3.6,2646.89,14,2024-08-05
C0199,普通,2025-10-13,2845,28837,7067,2.2,596.68,10,2025-05-03
C0200,银卡,2024-09-10,6344,52107,40421,2.2,3243.24,19,2025-02-16
C0201,银卡,2025-02-24,19331,39020,38626,3.1,7090.06,0,2024-09-22
C0202,普通,2022-12-07,4284,45281,15059,1.0,1132.13,18,2025-03-27
C0203,普通,2023-07-26,3057,40734,16530,1.7,2029.0,15,2024-10-09
C0204,普通,2024-12-30,4987,9213,4586,1.0,1642.74,5,2025-04-15
C0205,金卡,2025-06-02,27824,34941,24843,3.9,14387.86,4,2025-03-16
C0206,黑卡,2024-06-12,92862,132237,5913,3.5,46291.64,16,2025-08-19
C0207,普通,2023-03-15,67,45444,26288,2.3,2780.91,10,2024-05-05
C0208,黑卡,2025-01-25,62602,72739,3608,2.2,28383.74,17,2025-11-03
C0209,银卡,2025-11-16,19655,66324,49525,0.6,6368.7,4,2024-03-24
C0210,普通,2023-03-14,3497,38377,37093,2.5,1878.08,11,2025-03-12
C0211,普通,2026-01-13,4956,27929,8473,4.0,984.09,17,2024-03-24
C0212,银卡,2023-10-05,14826,41715,14848,0.9,3426.02,10,2024-07-09
C0213,金卡,2024-04-18,28571,57798,44567,2.8,15607.61,8,2024-06-30
C0214,金卡,2025-10-26,31414,79937,302,4.2,9236.95,11,2024-04-28
C0215,普通,2025-08-25,1716,42876,26137,1.1,2336.73,10,2024-12-12
C0216,普通,2024-02-27,2643,47491,40106,1.0,2637.92,3,2024-02-15
C0217,银卡,2024-06-17,4149,14312,5632,3.1,2435.41,6,2024-08-31
C0218,普通,2024-12-18,3852,36805,8553,4.1,1990.67,19,2025-08-11
C0219,普通,2024-07-29,3316,27299,6249,1.1,1944.98,3,2025-11-27
C0220,普通,2022-09-20,2688,51144,22349,1.9,1444.81,18,2025-02-18
C0221,金卡,2023-05-30,12936,15826,7170,4.8,15083.17,13,2025-12-16
C0222,黑卡,2023-05-02,63897,75184,70475,4.8,20134.71,0,2024-11-16
C0223,银卡,2022-05-31,16004,21706,12838,3.5,2014.67,6,2024-12-25
C0224,黑卡,2023-11-28,46331,69854,42351,1.1,26801.13,9,2025-07-18
C0225,普通,2022-02-18,4501,25636,25510,1.9,562.23,16,2025-02-22
C0226,银卡,2025-04-22,18138,65597,18425,2.7,2510.24,5,2025-12-28
C0227,普通,2025-02-26,1649,44282,39242,3.0,933.34,7,2025-05-29
C0228,银卡,2023-05-04,1148,44263,20022,3.5,4507.42,13,2025-12-29
C0229,黑卡,2025-04-27,34932,49286,5920,1.5,45306.22,15,2025-12-19
C0230,银卡,2023-04-09,12148,48756,8948,0.8,7386.29,17,2024-03-12
C0231,银卡,2022-02-02,9977,26192,16575,0.7,2755.54,17,2025-10-15
C0232,银卡,2022-06-23,5468,6853,2815,1.7,2871.91,6,2025-07-30
C0233,普通,2025-12-22,4509,48752,15888,1.8,1082.93,17,2025-10-16
C0234,金卡,2025-08-10,43335,76014,63228,1.4,12486.21,15,2024-02-15
C0235,银卡,2022-05-11,15920,45772,3182,0.8,6491.59,6,2024-02-13
C0236,银卡,2023-04-28,7955,30349,1081,1.0,3090.99,12,2024-11-05
C0237,银卡,2022-05-25,10003,31076,25738,4.7,6676.42,18,2024-05-05
C0238,银卡,2022-03-27,10332,46412,25070,5.0,3893.34,20,2024-11-17
C0239,普通,2023-11-22,3292,12485,4340,3.0,2051.11,6,2025-06-17
C0240,金卡,2022-06-08,34726,40681,16633,1.0,10538.11,4,2025-09-08
C0241,普通,2024-12-12,4229,14730,8700,0.5,2338.35,7,2024-08-14
C0242,金卡,2023-05-18,38418,63833,58050,4.9,13496.27,17,2024-08-08
C0243,金卡,2023-07-28,38160,50213,36417,4.6,12228.66,0,2024-08-09
C0244,金卡,2025-10-26,39489,66903,44083,3.6,8331.21,1,2025-01-16
C0245,银卡,2024-09-21,18658,35785,18826,1.5,5285.01,8,2024-05-14
C0246,银卡,2023-03-26,19985,34341,31383,1.9,2871.76,7,2025-07-10
C0247,普通,2025-01-13,2115,42017,22324,1.0,1500.57,13,2025-03-01
C0248,金卡,2022-10-16,39948,64347,16083,4.4,8110.16,8,2025-11-08
C0249,普通,2025-03-31,134,26295,3494,3.5,2232.42,14,2025-02-14
C0250,银卡,2025-04-16,14388,45794,7631,1.9,5111.32,11,2024-01-02
C0251,普通,2024-09-09,872,43003,37922,2.5,2234.25,16,2024-04-12
C0252,普通,2023-05-28,3748,37402,34097,2.8,2356.26,9,2024-08-16
C0253,银卡,2024-08-26,1729,19326,321,2.4,7759.91,13,2025-06-11
C0254,普通,2024-04-27,3549,22560,8386,3.1,2952.13,13,2024-11-17
C0255,金卡,2023-02-14,48288,97434,21852,1.7,8343.75,8,2024-11-19
C0256,普通,2022-07-22,421,26435,11865,0.7,2940.1,16,2024-01-01
C0257,普通,2022-07-29,696,961,358,5.0,1883.52,13,2024-01-27
C0258,银卡,2025-10-08,9547,38863,20382,2.2,7409.22,15,2024-06-20
C0259,普通,2024-06-20,3607,40484,9382,1.0,1146.72,8,2025-08-23
C0260,普通,2024-01-19,672,40716,34695,3.5,2259.22,3,2024-12-12
C0261,金卡,2024-06-05,15294,16860,211,2.8,11119.45,12,2025-05-08
C0262,普通,2024-05-17,215,31804,10616,2.9,1948.97,7,2024-07-16
C0263,金卡,2024-09-06,24083,46687,16225,0.8,7922.96,15,2025-06-15
C0264,普通,2022-04-23,4289,9775,7275,1.4,2702.6,2,2024-01-12
C0265,普通,2025-10-22,2135,45901,26882,1.7,1727.67,4,2024-04-18
C0266,金卡,2025-09-27,39362,76331,39673,4.1,6183.97,1,2024-02-01
C0267,普通,2025-08-22,840,46616,8651,3.9,1919.67,12,2024-03-11
C0268,普通,2022-07-22,2758,40181,23931,2.3,2546.18,7,2024-07-07
C0269,银卡,2022-05-13,13851,20508,10912,1.9,6931.49,3,2024-10-28
C0270,普通,2024-04-12,3935,43825,1957,1.1,2116.83,14,2024-12-28
C0271,金卡,2023-12-06,33494,66681,62871,3.9,18405.63,10,2025-04-21
C0272,普通,2022-08-13,3431,7769,4564,2.6,2877.02,11,2024-04-06
C0273,金卡,2023-05-25,38320,68309,55610,3.5,12159.45,5,2025-07-08
C0274,金卡,2023-02-22,31351,63122,36087,2.6,15726.84,18,2024-04-04
C0275,银卡,2023-01-30,1001,25653,17368,1.7,3542.42,14,2025-01-18
C0276,黑卡,2025-01-03,74394,98763,83563,0.7,43579.94,15,2025-07-26
C0277,银卡,2024-07-11,3509,8099,7869,3.8,4055.85,12,2024-02-26
C0278,黑卡,2022-11-08,96215,106353,58540,0.6,27662.55,1,2025-01-29
C0279,普通,2024-06-03,3460,41085,35674,1.5,1043.8,3,2025-10-31
C0280,金卡,2023-01-23,11310,55816,26010,5.0,13701.57,8,2024-04-02
C0281,银卡,2023-08-17,4143,49331,1796,2.5,6169.26,11,2025-09-04
C0282,银卡,2024-08-30,13594,31869,22240,1.7,4815.64,16,2024-10-29
C0283,银卡,2023-06-12,17102,36793,11824,3.3,5284.73,9,2025-09-14
C0284,金卡,2022-06-11,29171,35560,2755,3.3,13508.8,0,2025-08-04
C0285,普通,2024-07-13,2136,22343,7493,4.9,535.24,16,2025-08-15
C0286,普通,2025-02-16,4611,44295,38672,2.5,509.01,3,2024-04-28
C0287,金卡,2022-08-06,21842,32769,8523,3.2,15756.29,3,2024-07-13
C0288,金卡,2022-05-03,23396,45716,11061,1.5,14483.94,8,2025-02-14
C0289,黑卡,2025-08-29,67235,80835,16035,3.2,29580.1,8,2025-10-02
C0290,金卡,2025-02-09,23597,67749,32650,3.7,12699.72,2,2025-01-17
C0291,黑卡,2022-02-06,78226,84899,9851,2.3,31035.19,11,2024-02-07
C0292,金卡,2022-08-03,38504,66748,62984,4.9,18145.38,14,2024-12-30
C0293,普通,2023-05-30,4714,22875,1120,3.3,2985.02,5,2024-12-10
C0294,普通,2022-12-16,4236,44962,6096,0.9,716.03,17,2024-05-03
C0295,金卡,2024-05-02,31473,67060,42733,4.2,18668.35,3,2025-08-12
C0296,银卡,2024-10-02,1611,13366,9178,2.3,5083.69,9,2024-04-07
C0297,普通,2024-10-10,2279,36458,26298,1.9,2016.66,6,2025-11-18
C0298,银卡,2023-03-15,11623,61486,27178,0.5,7720.97,12,2025-08-30
C0299,黑卡,2024-04-06,32180,76383,27374,2.2,20360.36,2,2024-08-15
C0300,银卡,2022-05-20,11981,61885,38788,1.5,3837.89,2,2025-08-13
C0301,银卡,2022-12-14,14400,30525,25417,2.4,4393.31,13,2025-02-25
C0302,银卡,2024-03-03,14386,48391,37793,4.1,2367.78,17,2025-06-29
C0303,普通,2022-01-17,4723,47034,43373,2.1,1996.85,12,2025-03-24
C0304,银卡,2024-03-24,8514,30656,4316,4.7,5075.9,3,2024-03-24
C0305,银卡,2023-07-22,16875,60422,35385,3.7,7933.42,3,2025-05-28
C0306,普通,2024-08-01,2811,40290,30931,3.0,2733.95,9,2025-03-19
C0307,金卡,2023-08-09,30372,61658,37084,2.1,15618.24,12,2025-11-07
C0308,银卡,2024-05-23,2492,20425,17186,4.7,2427.2,0,2025-05-19
C0309,金卡,2025-12-17,18894,47828,31721,2.3,15014.62,6,2024-03-19
C0310,金卡,2025-03-08,27320,56579,10451,0.9,11287.17,12,2025-05-09
C0311,普通,2025-09-18,1457,30024,29017,4.3,798.82,2,2024-01-08
C0312,金卡,2024-10-01,46765,69835,68078,0.9,6375.84,2,2025-07-03
C0313,银卡,2022-11-14,15242,40195,32575,5.0,4049.6,16,2024-01-12
C0314,金卡,2023-02-12,14725,35746,13302,3.2,18119.61,19,2025-10-19
C0315,普通,2023-09-24,3863,42127,4999,3.4,686.33,5,2024-11-14
C0316,金卡,2023-04-14,45196,47701,16488,1.8,13223.24,12,2025-09-16
C0317,银卡,2022-05-25,6499,38148,10322,4.0,4545.47,0,2024-05-31
C0318,普通,2025-04-07,2712,4040,3299,1.2,1336.72,10,2025-09-03
C0319,普通,2025-01-23,3651,27451,10148,1.5,2321.59,10,2024-07-27
C0320,金卡,2022-05-18,18150,39624,37184,0.7,11569.4,10,2025-12-25
C0321,金卡,2023-10-26,29704,49660,23743,4.7,13214.35,20,2024-06-15
C0322,普通,2022-05-20,272,47904,26784,0.6,2487.25,8,2025-07-25
C0323,银卡,2022-04-27,5261,45518,11382,1.8,2445.62,12,2025-01-09
C0324,银卡,2025-05-02,11827,29184,18883,1.8,7035.98,11,2024-01-18
C0325,金卡,2024-09-14,13650,56259,53571,2.8,14977.69,8,2025-05-17
C0326,普通,2024-11-04,1971,48494,7412,2.6,1445.0,5,2025-12-19
C0327,金卡,2025-01-12,45318,59196,31056,1.9,19992.4,12,2024-04-13
C0328,普通,2022-11-21,2651,44605,43681,3.0,2923.54,16,2025-09-06
C0329,银卡,2022-05-14,17072,37220,25709,4.0,5463.37,7,2025-03-08
C0330,普通,2024-11-28,3504,18195,10148,3.4,1419.21,12,2024-03-26
C0331,普通,2022-07-07,1412,29817,9844,4.2,660.26,16,2024-06-06
C0332,银卡,2023-01-20,13333,48628,7527,3.2,4797.27,8,2025-08-28
C0333,普通,2022-05-28,2464,33415,27991,2.8,1809.24,7,2024-08-13
C0334,金卡,2025-05-28,43696,86869,1093,2.8,18565.94,15,2024-07-31
C0335,普通,2022-06-02,584,32968,15365,2.6,2700.29,14,2024-05-23
C0336,银卡,2025-10-31,14476,21250,6379,4.5,6565.82,2,2024-03-17
C0337,普通,2023-05-13,2042,24180,5988,1.6,2991.77,8,2024-07-18
C0338,普通,2024-04-09,4237,31241,17757,4.1,833.84,0,2024-10-13
C0339,普通,2022-09-04,2355,39396,36484,0.6,2211.78,6,2025-08-13
C0340,银卡,2025-03-14,19775,31325,16598,0.7,3429.33,9,2024-12-27
C0341,银卡,2023-06-17,9011,18342,217,4.5,4238.48,8,2024-06-16
C0342,银卡,2025-04-07,14343,62017,30867,4.1,6114.04,20,2024-05-18
C0343,银卡,2025-05-28,19326,19601,147,0.5,2499.24,10,2024-02-13
C0344,银卡,2022-04-09,2696,40955,1270,0.8,4393.46,8,2025-07-30
C0345,普通,2025-07-13,3156,20664,10622,2.7,545.01,10,2024-09-28
C0346,银卡,2022-06-21,7418,47658,5149,4.8,5460.81,18,2024-02-12
C0347,黑卡,2024-05-22,72346,75969,5416,4.4,17996.0,11,2025-11-12
C0348,银卡,2025-09-13,17782,49789,11717,3.4,5700.83,13,2024-02-23
C0349,金卡,2025-04-12,32989,59625,34542,1.9,15532.79,13,2024-08-06
C0350,普通,2025-03-04,1808,47385,31959,4.6,1890.41,0,2025-05-04
C0351,金卡,2025-01-02,11241,27134,10230,3.2,13312.19,0,2025-11-23
C0352,金卡,2023-11-03,15543,35202,22182,4.1,6038.68,7,2024-03-15
C0353,银卡,2023-06-29,1712,9188,1299,4.2,6214.71,0,2025-04-27
C0354,黑卡,2023-02-26,40415,63175,9834,4.7,31494.84,2,2025-05-22
C0355,普通,2025-10-10,1157,15052,347,2.5,2230.35,2,2025-01-06
C0356,普通,2023-10-13,3598,27287,4821,1.0,2448.61,19,2025-06-18
C0357,金卡,2023-05-12,45997,85008,20868,4.7,15592.17,13,2025-07-23
C0358,金卡,2023-07-10,47886,78382,475,0.8,12802.58,20,2024-12-23
C0359,普通,2024-03-22,3091,33771,5391,1.0,2746.03,4,2025-01-29
C0360,普通,2022-09-29,4924,13215,11848,3.7,1417.55,4,2024-06-07
C0361,普通,2025-10-24,2731,6170,4006,2.4,598.52,15,2025-04-04
C0362,普通,2025-08-23,688,44303,23648,0.7,1668.35,4,2024-09-18
C0363,金卡,2023-09-12,23657,26885,9750,0.7,7448.45,7,2025-07-07
C0364,银卡,2024-07-29,1050,8345,6005,3.3,7694.32,16,2024-01-08
C0365,普通,2023-10-10,2408,10573,4449,1.3,1678.24,12,2025-02-01
C0366,银卡,2022-06-01,17505,39430,4379,0.9,3711.39,18,2025-02-13
C0367,普通,2022-01-27,3021,45290,26106,1.8,1212.45,15,2024-04-18
C0368,普通,2024-08-13,1207,17839,9025,0.9,1062.34,8,2024-03-10
C0369,银卡,2025-07-17,17047,47447,34722,4.9,7850.25,4,2025-12-08
C0370,黑卡,2025-03-16,90249,120158,65311,2.1,35264.34,3,2024-07-04
C0371,金卡,2022-07-29,32955,48044,40600,4.3,16248.13,20,2025-02-28
C0372,普通,2022-06-11,4294,23251,4505,2.4,1992.76,14,2024-05-14
C0373,金卡,2025-01-31,34644,75019,8932,1.8,12342.16,6,2024-02-03
C0374,金卡,2023-03-20,41119,58443,3640,1.5,8123.33,12,2025-10-27
C0375,金卡,2024-11-07,13196,29050,28457,3.5,18768.17,16,2024-08-23
C0376,银卡,2023-06-29,8085,51649,17633,2.8,4473.7,7,2024-03-01
C0377,银卡,2022-10-23,13690,18492,13296,3.5,6018.15,17,2025-02-01
C0378,普通,2024-01-02,2683,45988,27200,3.8,1318.81,11,2025-08-29
C0379,普通,2022-06-13,3399,20696,4312,4.9,668.43,1,2025-01-14
C0380,普通,2023-05-22,1201,46798,30570,4.7,587.47,18,2024-03-16
C0381,普通,2024-02-17,422,35685,20941,2.2,2571.69,10,2025-03-15
C0382,银卡,2023-08-30,7366,39169,1173,1.2,7550.92,20,2024-11-21
C0383,金卡,2022-11-22,37686,46534,6401,3.1,6717.38,14,2025-05-17
C0384,银卡,2024-07-14,8065,19499,11649,1.0,4813.89,0,2025-11-20
C0385,普通,2025-02-10,2078,25272,5607,4.0,2538.11,18,2024-04-05
C0386,黑卡,2026-01-01,69851,93890,53182,0.6,32372.68,6,2024-06-21
C0387,黑卡,2023-09-24,66865,97655,89252,1.5,40791.82,8,2024-04-22
C0388,金卡,2025-06-22,23846,56745,44600,1.6,6393.08,0,2024-04-30
C0389,黑卡,2025-09-04,63838,86008,74862,1.6,21181.37,19,2025-07-21
C0390,银卡,2025-01-11,14204,40602,29315,0.5,4233.34,18,2025-03-17
C0391,黑卡,2022-02-10,96672,113454,33143,4.7,20200.9,2,2024-02-19
C0392,普通,2025-10-19,4896,11802,4518,0.7,2162.81,13,2025-10-20
C0393,银卡,2025-02-22,13370,28100,5597,3.3,5392.08,11,2024-03-05
C0394,普通,2023-09-13,2003,24556,1664,4.1,908.68,1,2025-07-09
C0395,普通,2025-10-03,1905,19723,7530,3.1,2406.5,17,2024-03-24
C0396,普通,2022-08-27,859,43436,26099,2.2,2066.79,3,2024-05-04
C0397,银卡,2022-10-03,18603,66624,7261,2.3,6219.98,2,2025-11-14
C0398,金卡,2023-07-03,14714,56355,31541,2.1,14648.83,6,2024-05-14
C0399,银卡,2022-09-11,5932,38000,35032,3.7,2196.63,13,2025-11-15
C0400,普通,2022-08-26,1607,21958,11195,3.7,529.89,8,2025-12-28
C0401,金卡,2025-02-28,24571,30912,9579,4.8,15444.14,0,2025-10-22
C0402,银卡,2022-12-06,13149,39037,35576,3.3,5720.62,7,2024-08-23
C0403,银卡,2023-08-02,15409,50503,12362,3.4,7314.18,8,2025-11-26
C0404,金卡,2023-08-03,37635,59283,13216,2.6,11102.64,16,2025-09-21
C0405,普通,2025-06-12,727,43340,877,1.0,2060.93,20,2025-09-15
C0406,普通,2023-04-07,3905,28521,18771,2.5,2007.62,8,2024-08-14
C0407,黑卡,2023-12-26,36267,67011,48819,4.8,24416.06,17,2024-07-19
C0408,普通,2023-03-08,3674,17798,16635,4.4,1651.78,8,2024-03-01
C0409,银卡,2025-11-15,8203,48907,32336,3.9,6156.91,6,2024-07-05
C0410,金卡,2025-08-14,18128,61821,9290,3.6,15290.56,15,2024-11-28
C0411,金卡,2023-07-07,39261,59944,59119,1.2,19118.99,14,2024-12-31
C0412,普通,2024-11-20,2469,12507,3897,2.8,2100.01,1,2025-08-20
C0413,普通,2024-09-27,2293,17976,7083,3.7,2670.39,0,2025-06-04
C0414,普通,2023-06-13,2927,12501,6519,1.2,1555.65,13,2025-05-22
C0415,银卡,2022-05-08,16105,51358,35055,4.6,5570.02,5,2025-08-17
C0416,银卡,2022-07-25,16124,40257,685,4.1,6490.83,15,2024-05-18
C0417,普通,2025-08-10,3506,28043,13967,4.2,1628.26,18,2024-03-01
C0418,黑卡,2024-06-08,52683,75689,6419,4.2,25823.12,10,2025-03-15
C0419,银卡,2023-07-30,14548,50868,5762,4.3,6988.5,18,2024-06-03
C0420,普通,2022-04-21,1113,2369,1063,2.2,917.5,10,2024-08-14
C0421,银卡,2022-01-23,13718,57999,21992,2.0,2908.09,3,2024-04-27
C0422,金卡,2023-11-28,26056,75299,58383,3.5,15283.49,9,2024-10-18
C0423,普通,2022-10-10,3214,41460,38955,4.3,2201.14,5,2025-11-09
C0424,普通,2025-08-02,3641,26286,5030,1.2,2408.88,19,2024-12-15
C0425,金卡,2023-06-22,45270,77219,30031,2.7,9610.81,11,2025-09-06
C0426,银卡,2022-11-28,11261,60305,8819,4.2,5890.68,8,2025-03-16
C0427,银卡,2024-06-23,2348,41625,26301,3.0,2336.94,9,2025-07-22
C0428,银卡,2025-02-14,17693,37546,31812,3.5,2500.28,19,2025-11-04
C0429,普通,2025-12-20,4540,36608,4946,1.7,1210.53,12,2025-12-05
C0430,普通,2024-05-27,4959,28791,8778,0.9,1373.05,13,2025-06-01
C0431,银卡,2025-03-02,17003,49974,48596,4.7,6312.79,18,2025-12-18
C0432,普通,2022-02-11,4062,10566,8708,1.6,1602.02,10,2025-09-11
C0433,普通,2022-09-09,2170,45105,22429,3.1,598.37,9,2024-04-17
C0434,金卡,2022-06-07,42492,69382,65557,4.1,17106.83,4,2024-01-21
C0435,黑卡,2025-12-10,79064,105539,92234,4.5,38797.7,2,2025-08-19
C0436,金卡,2022-11-03,27866,30869,3267,2.7,11129.43,15,2025-12-21
C0437,金卡,2025-02-21,28799,39082,30166,3.2,18606.39,11,2025-01-31
C0438,普通,2022-03-30,1961,36854,456,2.5,2988.41,13,2025-10-10
C0439,黑卡,2024-02-25,67389,84691,12537,0.7,23342.44,4,2024-04-20
C0440,普通,2025-04-07,4115,45376,23919,0.5,2843.58,15,2025-08-07
C0441,黑卡,2025-02-19,73815,115876,5804,2.1,49415.47,10,2025-02-18
C0442,黑卡,2022-11-03,48132,55936,47341,3.4,41857.26,5,2025-07-14
C0443,金卡,2024-06-12,48498,61273,7003,2.6,18157.58,16,2024-02-19
C0444,黑卡,2022-09-26,76418,103423,74120,1.5,42629.52,0,2024-10-22
C0445,银卡,2022-04-04,7234,18320,14165,1.9,6777.33,0,2025-01-02
C0446,普通,2023-10-11,3654,19373,16264,3.2,1488.67,3,2024-02-01
C0447,银卡,2024-01-28,16063,30148,19965,1.0,5440.57,13,2024-12-18
C0448,银卡,2022-04-19,9314,58019,55510,3.7,6700.21,2,2024-06-16
C0449,普通,2024-01-28,225,48563,31679,2.2,2019.81,20,2024-04-01
C0450,银卡,2023-03-07,8865,51904,43863,2.0,4275.92,14,2024-03-07
C0451,黑卡,2025-11-22,92416,134333,34664,2.3,19032.43,6,2024-05-24
C0452,普通,2023-06-16,3189,23077,907,4.2,2190.15,8,2024-02-20
C0453,金卡,2025-10-18,40522,69722,16924,3.0,11274.14,9,2024-08-10
C0454,黑卡,2022-08-16,85036,85259,45927,1.3,47103.17,14,2025-03-08
C0455,黑卡,2024-01-21,92301,112100,9648,4.4,44311.89,18,2024-01-07
C0456,黑卡,2025-03-11,66882,68177,17130,3.9,26208.07,9,2025-06-15
C0457,银卡,2024-04-22,1819,32394,1514,2.3,4978.43,10,2024-05-05
C0458,黑卡,2025-06-28,64752,71521,15618,2.3,18094.13,18,2025-02-18
C0459,金卡,2022-11-18,19849,36439,10140,4.2,17140.01,5,2024-10-07
C0460,普通,2023-05-06,184,26527,18012,2.9,1252.95,7,2024-04-15
C0461,银卡,2022-12-13,16729,55685,47436,3.2,5943.8,10,2025-12-06
C0462,金卡,2022-12-29,37607,66843,46246,0.6,17199.14,3,2025-07-24
C0463,普通,2024-05-10,3827,45450,8279,4.7,1802.41,13,2024-01-14
C0464,银卡,2022-03-03,12622,59666,15615,3.5,5692.26,6,2024-09-16
C0465,金卡,2023-01-05,15276,21668,7433,3.3,11473.8,17,2024-09-18
C0466,普通,2023-12-06,2524,19301,4895,2.0,1772.85,7,2025-02-20
C0467,银卡,2024-04-26,15586,63496,37034,2.7,3650.19,5,2024-02-13
C0468,金卡,2025-10-31,32985,65374,29488,4.3,14235.23,13,2025-07-08
C0469,银卡,2023-06-17,7544,51516,245,1.5,2209.16,8,2025-12-19
C0470,普通,2023-07-19,2441,41198,17606,3.7,645.78,16,2024-03-18
C0471,普通,2022-12-17,723,32879,12956,1.6,2890.01,19,2025-12-09
C0472,银卡,2025-12-09,3491,50800,49410,1.1,6781.78,15,2025-09-17
C0473,黑卡,2022-08-29,71561,117112,62471,3.6,32616.05,2,2025-05-26
C0474,普通,2024-03-02,3859,20051,19185,4.9,927.29,1,2024-04-14
C0475,银卡,2022-04-15,7805,26965,11156,3.8,6406.83,1,2024-09-19
C0476,普通,2024-09-10,1703,9961,8282,4.9,2184.6,2,2024-02-09
C0477,普通,2023-04-10,486,37022,10585,2.3,1610.52,14,2025-07-19
C0478,金卡,2023-02-24,48558,71549,13518,3.9,9717.47,0,2024-08-29
C0479,金卡,2024-08-08,13813,60682,22522,4.8,6375.33,14,2024-10-06
C0480,普通,2024-01-16,264,21292,17548,2.1,2043.01,17,2025-03-11
C0481,银卡,2023-09-29,2524,40104,24376,1.1,5347.05,3,2025-07-31
C0482,普通,2023-04-25,4677,27062,10574,4.3,1022.75,4,2024-11-29
C0483,银卡,2023-04-21,10101,12936,2046,3.4,3550.62,19,2024-09-26
C0484,金卡,2022-03-05,12195,46255,5067,2.0,16707.94,9,2024-10-14
C0485,普通,2025-09-17,3350,50168,28138,3.3,1293.34,20,2025-08-02
C0486,普通,2023-02-19,3052,17357,6914,1.3,2935.04,20,2024-12-26
C0487,银卡,2024-04-08,14055,46878,39607,4.9,6419.82,10,2024-01-31
C0488,黑卡,2023-11-15,76801,95473,84662,0.5,18824.81,14,2025-02-17
C0489,黑卡,2023-08-04,96353,120888,58147,3.5,46547.68,12,2024-01-12
C0490,普通,2022-06-04,1228,48113,5457,4.0,726.32,2,2025-08-27
C0491,金卡,2023-08-21,25870,52343,18508,4.1,19479.17,7,2025-11-27
C0492,银卡,2023-12-24,10519,13049,9855,1.0,7466.26,1,2024-12-06
C0493,银卡,2025-08-25,9630,17768,5402,4.0,5108.47,8,2025-05-28
C0494,金卡,2024-11-14,32505,62848,1271,0.7,17209.53,18,2024-02-05
C0495,黑卡,2024-04-12,62003,63767,59247,4.2,45156.08,9,2025-02-27
C0496,黑卡,2025-11-05,98856,111470,103226,2.4,48675.6,17,2024-05-14
C0497,银卡,2025-01-18,11929,51906,30582,2.4,3501.71,9,2025-12-09
C0498,银卡,2023-11-12,14849,40396,21905,4.3,6064.57,2,2025-04-12
C0499,金卡,2022-03-05,33950,40654,30113,2.6,18558.95,9,2024-09-25
C0500,普通,2022-09-08,2015,3379,1239,3.0,2024.22,5,2024-12-14
C0501,银卡,2023-07-03,12205,17405,3627,4.0,6009.87,20,2025-02-11
C0502,银卡,2023-01-24,6907,37161,20301,4.9,6361.38,20,2025-03-18
C0503,金卡,2025-04-25,23125,46027,12027,3.9,14350.36,7,2025-08-31
C0504,普通,2023-07-23,1066,41521,19597,3.3,2546.27,10,2025-07-24
C0505,普通,2022-03-23,3371,47891,36784,0.9,690.94,11,2024-08-13
C0506,黑卡,2022-09-02,86339,88486,61308,4.8,27493.8,4,2025-12-01
C0507,普通,2025-05-30,261,43552,15612,4.3,1942.19,17,2025-09-25
C0508,银卡,2024-06-29,1441,4117,3375,0.5,2706.71,6,2025-10-14
C0509,普通,2023-12-25,301,50075,10384,3.5,2165.02,20,2025-07-13
C0510,普通,2023-10-21,2131,9103,6315,3.0,630.79,6,2024-12-22
C0511,普通,2024-06-25,3820,32646,4269,1.1,2147.7,15,2025-08-08
C0512,普通,2025-06-19,236,49468,22664,3.9,2308.03,5,2025-10-31
C0513,金卡,2024-11-17,47396,49807,39406,2.9,8779.83,17,2024-02-11
C0514,普通,2022-09-21,644,25858,2612,1.9,1187.5,15,2025-05-13
C0515,黑卡,2024-03-12,39193,69440,67781,4.9,47794.8,11,2024-09-21
C0516,银卡,2025-04-02,2963,40600,35744,4.2,5191.24,12,2024-05-25
C0517,银卡,2023-02-12,9045,51494,15580,3.3,7265.51,15,2025-09-14
C0518,银卡,2023-06-17,11081,28856,22711,3.9,2239.3,18,2024-10-07
C0519,银卡,2022-04-13,12851,50609,4593,3.6,2937.18,17,2024-03-21
C0520,金卡,2025-12-25,37617,39908,11653,4.5,15192.97,3,2024-11-08
C0521,普通,2024-06-16,637,32776,19685,3.7,1546.48,6,2024-05-26
C0522,银卡,2022-01-27,3577,39262,37690,3.0,2929.18,1,2025-11-12
C0523,金卡,2024-12-12,49322,77764,61581,2.3,14626.79,4,2025-09-25
C0524,黑卡,2025-01-31,95780,141802,117842,1.1,48189.48,13,2025-11-04
C0525,金卡,2025-12-03,47204,86454,30885,3.5,15277.77,10,2024-01-17
C0526,银卡,2025-10-17,14077,25848,24894,1.5,2805.53,12,2024-10-24
C0527,金卡,2023-03-09,30601,65369,60555,0.8,10689.25,8,2025-09-27
C0528,银卡,2024-02-09,3632,24218,21160,3.5,3991.29,20,2025-01-02
C0529,银卡,2024-06-16,3843,24509,14229,2.9,5279.89,14,2025-04-10
C0530,普通,2022-06-10,4486,49144,46417,2.7,909.91,15,2025-10-28
C0531,银卡,2025-09-29,4335,10848,7554,4.5,5446.68,3,2025-03-29
C0532,普通,2023-12-08,2607,28781,15729,4.9,2674.35,2,2025-03-17
C0533,普通,2025-06-30,4115,50328,11262,4.8,2818.08,10,2024-07-02
C0534,金卡,2023-10-16,24092,34421,16900,1.6,18899.44,16,2024-11-19
C0535,普通,2025-10-01,3668,10966,4867,5.0,1870.15,17,2024-07-14
C0536,普通,2022-09-28,2266,51469,12535,4.4,754.94,4,2025-11-21
C0537,普通,2023-09-14,3291,27322,20819,4.7,2024.39,2,2025-10-04
C0538,黑卡,2024-11-18,85887,123886,40070,4.9,48893.49,16,2025-06-30
C0539,银卡,2023-09-29,3506,19095,6473,3.8,7123.19,14,2024-10-21
C0540,银卡,2025-10-03,11222,54876,41265,0.8,6826.19,1,2025-04-10
C0541,金卡,2024-05-03,30081,66204,44906,1.1,12586.73,16,2025-02-19
C0542,金卡,2023-11-27,40827,79290,39885,4.9,15563.25,19,2025-02-03
C0543,普通,2024-05-01,3675,31576,20402,4.0,2022.13,8,2025-09-11
C0544,金卡,2025-12-14,37856,67130,60612,2.9,13557.65,2,2024-03-28
C0545,金卡,2023-09-13,16095,42527,34006,1.1,12255.99,0,2025-09-06
C0546,金卡,2025-03-04,43470,87928,64934,1.1,11412.35,15,2024-12-19
C0547,普通,2022-09-27,3345,19828,5399,2.3,1236.72,18,2024-07-18
C0548,金卡,2023-02-23,43496,66726,49334,3.9,14174.24,3,2024-02-15
C0549,银卡,2024-05-12,16953,30025,11858,2.9,7612.85,3,2024-04-08
C0550,普通,2025-09-28,0,28178,15615,4.9,2896.03,13,2025-02-04
C0551,银卡,2024-03-10,10196,42199,7229,4.2,4890.67,3,2024-10-19
C0552,普通,2025-10-23,3781,19619,11061,1.0,1869.11,2,2025-05-22
C0553,普通,2022-12-29,4780,28998,13307,2.2,1130.17,9,2024-05-22
C0554,金卡,2025-07-05,36975,81233,40289,3.4,12642.16,12,2025-06-21
C0555,普通,2025-03-31,3275,26708,7300,3.3,2486.0,8,2025-10-07
C0556,银卡,2023-10-08,13563,59749,58610,3.7,3081.43,8,2025-02-14
C0557,银卡,2024-05-03,18942,53591,33982,4.2,3573.5,12,2024-05-06
C0558,普通,2025-02-20,1206,40257,2818,1.2,696.31,20,2025-04-25
C0559,黑卡,2022-01-31,32073,58880,54717,2.4,21410.65,2,2024-10-27
C0560,普通,2023-09-24,3054,6134,1283,3.9,1339.87,3,2025-11-19
C0561,普通,2023-09-01,1090,33240,3072,3.6,618.55,18,2025-12-30
C0562,普通,2023-03-19,3021,6908,6249,2.5,1178.56,16,2025-01-19
C0563,普通,2024-06-29,3310,33193,14836,1.6,2501.52,7,2025-06-15
C0564,普通,2025-04-04,2810,11304,4427,2.8,2053.74,1,2024-11-23
C0565,金卡,2025-06-05,49347,58152,34992,1.9,18558.78,18,2025-08-19
C0566,黑卡,2025-09-11,79142,114236,84839,3.3,29833.81,14,2024-01-15
C0567,普通,2023-11-16,137,35517,1229,3.2,2660.68,11,2024-05-17
C0568,金卡,2024-08-22,44521,58671,41989,2.4,17744.96,9,2025-12-03
C0569,金卡,2024-07-21,14443,32243,9726,2.6,14675.43,5,2025-01-31
C0570,金卡,2024-07-06,28102,33797,8215,1.7,13048.26,9,2024-05-12
C0571,银卡,2025-10-20,6376,20476,9601,4.3,5894.32,15,2025-09-15
C0572,普通,2023-03-29,1906,17110,15430,1.2,1637.49,6,2025-04-01
C0573,普通,2024-11-25,1896,24632,19044,4.0,2982.88,16,2025-02-01
C0574,金卡,2024-09-02,10236,17313,13721,3.5,13346.31,17,2024-03-27
C0575,金卡,2023-01-06,21827,71294,6627,3.7,19169.92,20,2024-05-03
C0576,普通,2025-09-17,4704,17508,1001,3.8,1326.61,10,2025-02-03
C0577,银卡,2022-06-23,7092,47306,47251,3.5,3672.68,5,2025-01-31
C0578,黑卡,2023-08-14,95061,95639,6532,4.9,32945.24,7,2024-05-20
C0579,金卡,2024-12-21,37709,42685,37199,1.1,18368.69,15,2025-07-07
C0580,黑卡,2025-10-12,67456,85388,37628,4.5,41547.21,15,2025-02-12
C0581,金卡,2025-07-23,11136,23659,310,1.2,19530.67,9,2025-03-21
C0582,银卡,2025-06-24,11339,14527,9853,4.5,3413.6,17,2024-01-09
C0583,银卡,2023-12-13,10117,49774,4313,4.1,2025.63,15,2024-07-13
C0584,金卡,2022-07-25,41534,72311,54912,4.1,18852.94,14,2024-11-11
C0585,普通,2023-05-10,1982,22390,11610,4.6,2815.51,0,2025-09-03
C0586,银卡,2025-11-02,18531,29442,15824,1.3,2817.16,1,2025-06-18
C0587,金卡,2023-10-01,37677,70053,29891,4.5,19098.68,15,2024-05-10
C0588,普通,2023-04-27,1431,43162,31318,1.6,2977.81,17,2024-10-03
C0589,金卡,2023-02-21,20195,40595,27210,3.1,19772.1,17,2025-02-13
C0590,银卡,2022-11-03,3198,43568,8352,3.2,4495.69,3,2025-07-15
C0591,黑卡,2022-03-12,63210,78167,37746,3.3,46168.24,20,2025-08-31
C0592,普通,2022-04-26,448,28873,28802,1.9,508.15,4,2025-10-08
C0593,普通,2023-05-20,2904,29558,5498,4.4,1320.73,10,2025-11-22
C0594,银卡,2024-09-11,3203,47367,26575,4.7,5612.4,7,2025-02-26
C0595,普通,2025-06-10,1771,16617,12515,1.9,954.99,5,2025-05-09
C0596,金卡,2022-06-08,15782,36437,9071,4.6,12351.5,10,2025-10-28
C0597,金卡,2024-08-06,44860,76403,16500,2.4,15288.84,3,2024-02-17
C0598,普通,2024-05-05,3182,49961,23984,1.7,660.01,5,2024-05-07
C0599,银卡,2025-07-16,13323,61079,17150,1.9,6189.77,2,2025-02-09
C0600,银卡,2025-04-12,2056,39365,38921,2.8,3252.77,20,2025-01-13
C0601,银卡,2023-02-15,11103,38337,10078,3.9,4261.26,17,2025-01-22
C0602,黑卡,2025-12-14,93511,122553,120958,1.6,23721.85,0,2024-06-10
C0603,金卡,2024-03-20,30154,34353,2166,4.6,14439.35,17,2025-05-24
C0604,金卡,2024-10-22,39561,85176,28943,3.3,7552.32,5,2025-05-17
C0605,金卡,2024-04-04,25966,43631,27039,4.0,17764.15,5,2025-12-01
C0606,银卡,2023-06-12,7986,42175,39295,3.8,7048.93,12,2024-10-29
C0607,黑卡,2022-11-28,41834,43398,15134,2.5,33479.5,15,2024-02-15
C0608,金卡,2025-09-18,26602,39548,3476,1.0,17026.76,18,2024-06-10
C0609,金卡,2025-11-17,39739,85949,78044,4.9,12699.24,18,2024-03-05
C0610,金卡,2022-01-27,42790,86639,11079,1.0,9393.62,1,2025-01-07
C0611,普通,2022-08-07,2781,3602,2940,1.9,2296.92,19,2025-05-24
C0612,金卡,2024-06-15,20987,64615,62748,4.9,15367.12,13,2024-05-15
C0613,普通,2023-04-02,2139,5617,2198,1.5,1517.81,12,2024-07-30
C0614,普通,2023-01-08,3729,33731,3843,2.4,2802.8,13,2024-03-29
C0615,普通,2025-12-06,2451,46692,6570,0.6,674.76,0,2024-05-31
C0616,黑卡,2024-12-08,69642,116987,88967,3.7,27604.95,4,2024-11-26
C0617,金卡,2024-08-26,18401,33464,21763,0.6,13761.38,17,2024-05-31
C0618,金卡,2022-05-01,10174,34142,9719,3.0,11628.88,13,2024-10-07
C0619,金卡,2025-02-27,22319,63633,30589,2.7,15873.51,11,2024-07-02
C0620,银卡,2023-06-13,11725,40461,15841,4.3,6207.38,6,2024-07-26
C0621,黑卡,2022-09-22,64400,88404,14251,1.9,23399.73,17,2024-12-14
C0622,银卡,2024-08-20,10241,47088,46579,2.1,7377.55,6,2024-06-04
C0623,银卡,2022-10-16,4378,14529,1862,3.5,7796.53,18,2024-12-15
C0624,普通,2024-09-07,136,25784,24646,4.0,2528.47,20,2025-02-03
C0625,金卡,2025-09-29,20910,22660,15077,0.8,6395.12,11,2024-02-04
C0626,金卡,2024-12-29,24806,58569,12081,3.4,11864.4,14,2024-01-01
C0627,银卡,2025-03-02,17533,29043,26856,2.2,5679.73,2,2025-06-17
C0628,普通,2025-05-21,3939,26498,5972,4.5,1796.15,13,2024-11-24
C0629,金卡,2023-10-29,24788,36781,25952,4.0,18129.45,9,2025-06-19
C0630,普通,2024-07-19,2927,46896,20364,2.9,2919.5,12,2025-09-26
C0631,金卡,2025-07-08,15379,42681,4314,4.7,7429.93,16,2024-11-12
C0632,黑卡,2024-11-06,83252,98902,33898,0.7,16229.31,4,2025-09-06
C0633,银卡,2024-05-23,14553,62458,32200,4.7,6239.32,3,2025-02-03
C0634,普通,2025-01-27,2540,33499,21512,3.1,1623.78,0,2024-03-05
C0635,金卡,2024-07-10,42564,81415,55194,3.6,18933.24,0,2025-04-08
C0636,金卡,2022-12-09,41396,58824,37458,0.6,9377.81,6,2024-07-03
C0637,银卡,2024-09-06,10910,57379,51639,3.8,2317.15,15,2024-04-20
C0638,黑卡,2024-07-25,42518,47094,835,4.8,44294.88,0,2025-01-05
C0639,普通,2023-07-06,1669,11041,188,4.8,2900.55,18,2024-02-27
C0640,银卡,2023-06-10,3954,37253,4310,2.6,3057.57,0,2024-12-13
C0641,金卡,2025-08-27,23340,57721,34190,1.0,18389.33,14,2024-06-02
C0642,金卡,2023-08-11,34016,59697,17425,1.3,15107.95,1,2024-01-09
C0643,普通,2024-12-10,625,28850,4124,3.8,2376.14,7,2025-10-02
C0644,金卡,2024-10-01,43127,81452,80003,2.3,12888.81,15,2025-01-03
C0645,银卡,2025-07-30,7157,14052,13061,3.8,5221.37,16,2024-08-21
C0646,银卡,2023-05-12,1283,7180,1824,1.5,5814.44,1,2024-12-04
C0647,普通,2023-08-08,1157,9531,3562,1.4,904.88,16,2024-07-22
C0648,金卡,2024-07-15,33287,77441,43248,2.8,10175.52,20,2024-03-30
C0649,普通,2022-06-10,4211,12727,10007,0.8,2680.51,16,2024-07-11
C0650,普通,2023-09-02,3062,16015,8642,4.1,1380.36,13,2024-05-01
C0651,普通,2023-05-07,1602,12597,12074,1.3,970.13,13,2025-06-11
C0652,金卡,2023-07-29,27533,32584,8942,1.9,6876.78,18,2024-10-05
C0653,金卡,2023-11-24,37420,54811,29384,3.5,17290.78,7,2025-01-15
C0654,金卡,2023-11-09,30858,72024,40130,3.2,7820.82,5,2025-02-27
C0655,普通,2025-02-10,4378,47579,10720,4.8,691.24,1,2024-01-18
C0656,银卡,2022-06-19,3573,14577,2587,2.6,5261.64,15,2024-12-03
C0657,银卡,2022-11-04,12444,33664,15883,1.5,2086.02,1,2025-09-19
C0658,金卡,2022-12-05,23765,34289,21170,2.5,13623.43,18,2025-09-30
C0659,黑卡,2023-05-11,99104,123951,80800,4.6,21510.28,16,2024-08-23
C0660,普通,2024-03-25,4407,9920,6836,3.1,2760.2,7,2024-10-22
C0661,金卡,2025-12-11,33899,41090,27226,3.2,13554.21,8,2025-11-10
C0662,普通,2022-11-12,1374,39850,31542,2.1,2494.87,16,2024-06-01
C0663,银卡,2026-01-07,4897,37059,31238,2.7,7437.02,8,2024-09-05
C0664,普通,2023-04-04,4005,46173,5401,3.1,1540.49,19,2024-06-02
C0665,普通,2022-05-17,4508,40426,23128,3.9,1297.37,4,2024-05-09
C0666,银卡,2024-05-14,11743,49041,16331,0.8,7292.03,13,2025-12-29
C0667,银卡,2024-05-13,12263,21980,19501,4.8,4080.3,15,2024-05-06
C0668,普通,2023-11-10,474,22407,651,4.2,2654.42,9,2024-01-07
C0669,金卡,2025-01-28,47836,88482,22126,1.6,10638.61,17,2025-09-11
C0670,银卡,2024-08-22,18121,38283,10889,2.5,4408.04,14,2024-03-28
C0671,普通,2024-05-20,2486,28427,14132,3.6,1079.12,13,2024-05-30
C0672,金卡,2022-05-15,14979,64769,50406,0.8,12062.12,5,2025-08-15
C0673,普通,2023-03-08,1399,51226,10716,2.7,2271.63,19,2024-10-04
C0674,银卡,2024-05-12,19153,40124,19739,1.5,3778.71,13,2024-09-21
C0675,金卡,2024-03-09,34583,64272,30472,2.3,13320.39,11,2024-08-19
C0676,普通,2025-05-10,2705,20113,7742,4.7,571.81,1,2024-04-21
C0677,普通,2025-12-03,2957,44290,26390,0.6,2071.2,15,2024-10-10
C0678,银卡,2022-02-11,18000,59329,21262,3.7,5305.85,9,2025-12-16
C0679,黑卡,2025-04-06,44496,62477,694,2.4,33278.87,8,2025-10-18
C0680,银卡,2024-03-13,13346,38188,2798,4.8,4031.53,10,2024-03-17
C0681,金卡,2024-10-02,40193,64692,47166,2.3,7064.37,12,2024-10-14
C0682,银卡,2022-02-03,12310,58289,13290,3.4,3028.14,10,2024-02-01
C0683,普通,2023-12-26,1456,15631,2347,4.4,2156.93,14,2025-07-05
C0684,银卡,2023-09-22,8049,20002,19828,1.0,6229.36,4,2025-05-12
C0685,金卡,2024-03-12,45260,69921,2083,1.2,11337.16,13,2025-06-08
C0686,普通,2024-05-10,1683,46769,37660,4.8,1960.0,15,2024-08-15
C0687,普通,2025-01-24,795,21671,1243,1.8,2778.33,12,2024-09-28
C0688,普通,2025-02-06,4813,23273,23041,4.3,1290.25,11,2025-12-12
C0689,银卡,2025-05-25,8220,27090,20845,1.4,7713.71,8,2024-07-20
C0690,黑卡,2023-04-01,70769,75876,7287,0.6,24537.81,2,2025-11-28
C0691,普通,2024-10-12,4362,11630,7083,0.6,1973.33,19,2025-10-12
C0692,银卡,2023-03-31,19741,53970,19701,0.7,6288.51,16,2025-04-21
C0693,普通,2023-07-21,751,7244,6901,2.3,1814.93,5,2025-05-08
C0694,黑卡,2024-06-26,35380,80538,59412,1.6,25855.68,16,2025-08-28
C0695,普通,2024-09-24,454,35440,26645,3.8,1842.14,3,2025-07-11
C0696,银卡,2022-03-17,7425,51154,4427,2.8,7343.37,14,2024-06-03
C0697,金卡,2024-03-13,44922,90653,84531,1.2,19909.5,18,2025-12-06
C0698,金卡,2023-11-20,14261,36814,20431,4.8,17769.78,8,2024-11-07
C0699,银卡,2025-10-03,9460,15152,4933,3.3,7940.89,15,2024-02-16
C0700,普通,2025-11-08,3155,17268,4772,5.0,1622.52,15,2024-06-01
C0701,银卡,2024-04-11,7195,32332,14798,3.0,2216.02,18,2024-04-08
C0702,普通,2022-12-19,2122,31722,16490,2.8,885.29,11,2024-04-27
C0703,普通,2024-09-06,1041,13434,8009,1.5,1106.35,0,2025-03-13
C0704,银卡,2022-10-07,6670,40272,16345,4.6,6019.09,1,2025-06-27
C0705,普通,2025-07-22,2553,3851,3448,4.4,2599.34,6,2024-05-30
C0706,普通,2025-01-28,1286,46419,46246,4.1,918.9,9,2024-08-21
C0707,金卡,2022-03-09,16736,38995,21291,0.7,14636.51,10,2024-04-04
C0708,黑卡,2024-04-06,78493,88055,41693,2.6,34442.07,4,2024-08-10
C0709,银卡,2025-04-28,19816,23713,8513,3.7,7427.85,4,2025-05-18
C0710,普通,2025-03-28,3795,17400,1720,2.9,727.93,1,2025-09-29
C0711,普通,2025-10-15,1983,38299,18621,0.9,2333.97,5,2025-08-02
C0712,黑卡,2022-03-12,36818,79389,23073,3.4,45270.58,13,2025-11-28
C0713,普通,2022-07-01,4813,47083,42028,1.5,1024.02,5,2025-06-13
C0714,普通,2025-08-30,832,36313,16291,2.4,898.36,12,2024-03-23
C0715,银卡,2024-06-10,6681,13352,2047,2.1,2100.62,19,2025-05-29
C0716,银卡,2022-10-21,3074,48394,26250,4.6,7204.76,7,2024-04-21
C0717,银卡,2024-08-22,17875,56845,40582,3.0,7667.87,1,2025-10-30
C0718,普通,2023-01-31,2575,16856,16145,1.2,1807.39,6,2024-01-16
C0719,普通,2022-05-08,1267,30501,19617,0.5,2950.41,4,2024-02-13
C0720,黑卡,2023-07-13,91889,139324,37646,1.1,19437.16,12,2025-11-28
C0721,普通,2024-03-10,1582,29786,23727,0.8,1606.28,8,2025-08-03
C0722,金卡,2023-11-18,29345,63064,46224,2.5,18217.79,11,2025-01-27
C0723,金卡,2023-03-30,15942,35762,4008,0.6,12727.42,5,2024-06-03
C0724,银卡,2024-07-28,3855,10490,7092,1.8,4335.19,11,2024-11-14
C0725,普通,2023-11-27,2422,37718,29024,3.0,1568.69,14,2024-06-15
C0726,普通,2023-12-11,3289,21703,11917,1.6,1853.95,7,2025-02-22
C0727,银卡,2024-03-02,3887,36535,17540,3.5,5980.41,7,2024-12-18
C0728,金卡,2023-08-21,22887,28247,18707,2.5,10730.94,0,2025-04-19
C0729,黑卡,2024-05-22,62697,79847,29443,3.7,31491.94,19,2025-06-15
C0730,普通,2023-06-19,686,25820,20380,2.7,1822.96,1,2025-09-23
C0731,普通,2022-07-06,2722,46780,12874,3.6,2346.95,14,2025-03-21
C0732,黑卡,2024-09-04,76708,85627,40078,3.9,49354.51,8,2024-08-10
C0733,金卡,2022-02-28,33753,44719,15151,1.4,16113.25,1,2025-11-26
C0734,金卡,2025-01-28,22830,24758,22410,2.3,8093.61,12,2024-12-06
C0735,普通,2022-04-18,442,5424,4706,0.8,1764.55,7,2025-01-05
C0736,银卡,2023-12-28,3056,20263,13115,3.3,7476.61,10,2025-05-31
C0737,金卡,2023-04-10,31019,74495,2519,3.8,12283.7,2,2025-04-29
C0738,金卡,2025-09-22,24644,58968,18165,2.1,9170.95,13,2025-04-07
C0739,银卡,2022-06-17,2277,18356,10468,0.9,3611.83,16,2024-10-16
C0740,普通,2025-08-31,1554,14651,13986,3.7,2924.87,10,2024-12-21
C0741,银卡,2022-03-27,2929,18949,6947,0.6,7739.53,4,2024-05-10
C0742,普通,2022-03-20,2517,23827,22015,2.1,518.13,20,2025-03-03
C0743,银卡,2023-05-25,10726,28321,19331,0.9,3091.98,4,2024-08-06
C0744,黑卡,2023-02-16,31345,35355,12007,2.8,33793.04,8,2025-12-20
C0745,银卡,2022-02-19,15738,22224,11362,3.3,6943.27,14,2024-11-03
C0746,金卡,2025-07-13,38898,46291,11437,3.6,9723.44,12,2025-05-29
C0747,普通,2022-12-06,4364,16560,15361,4.0,2083.24,15,2025-06-19
C0748,金卡,2023-05-17,15763,44889,36564,3.7,17385.72,11,2025-06-29
C0749,黑卡,2022-10-11,43082,54256,45476,1.1,41403.73,3,2024-05-27
C0750,普通,2024-09-06,388,35989,14577,4.4,2946.57,4,2024-07-19
C0751,普通,2025-10-16,3336,17005,10956,1.4,2091.52,10,2025-05-20
C0752,银卡,2022-09-03,12814,38418,29928,0.7,4209.7,17,2025-10-03
C0753,普通,2025-03-17,4497,5345,1623,1.4,1106.79,6,2024-06-01
C0754,金卡,2023-04-15,29862,42780,16260,0.5,18469.9,15,2024-11-18
C0755,黑卡,2024-08-13,71007,71213,66970,2.5,21071.95,20,2024-11-14
C0756,银卡,2025-12-20,11478,44880,6462,1.1,7724.24,18,2024-10-29
C0757,普通,2023-06-28,3740,35407,14504,2.0,822.66,18,2024-07-09
C0758,银卡,2024-02-12,14329,40308,16139,1.2,6825.32,0,2024-05-11
C0759,金卡,2022-12-31,38321,57497,1290,3.4,17749.06,1,2025-10-16
C0760,普通,2025-05-28,1944,32761,30613,1.5,1749.26,11,2024-11-25
C0761,银卡,2025-06-27,11008,42755,31549,3.7,6283.02,6,2024-07-26
C0762,银卡,2022-09-20,11667,14795,3808,1.4,2219.3,12,2024-11-30
C0763,银卡,2023-01-01,10947,59039,18168,1.7,3528.14,13,2024-04-29
C0764,普通,2023-09-30,980,38632,22307,1.1,1032.41,19,2024-03-10
C0765,金卡,2022-08-23,46592,47384,16289,4.2,13430.37,6,2025-04-22
C0766,普通,2025-04-02,1505,29247,20613,1.7,2264.3,6,2025-06-23
C0767,普通,2022-03-09,4895,48340,44512,5.0,1674.54,4,2025-11-26
C0768,金卡,2023-10-07,48732,92414,27288,2.0,6852.54,15,2025-07-24
C0769,金卡,2025-04-14,16440,48204,3307,1.4,7761.58,13,2024-07-10
C0770,普通,2025-11-13,1158,29798,5924,1.0,1655.71,7,2025-07-20
C0771,普通,2024-02-29,3330,10534,3768,2.5,2363.66,6,2024-01-26
C0772,普通,2024-04-19,4898,40614,27728,3.1,2172.99,8,2024-12-05
C0773,普通,2023-03-13,2186,17833,10165,4.3,816.41,4,2024-02-17
C0774,普通,2022-07-02,2795,33371,6649,3.0,1876.88,4,2024-09-12
C0775,普通,2025-05-19,1250,26071,5856,4.4,2539.54,17,2024-09-14
C0776,银卡,2025-11-25,2804,12366,2499,1.0,6860.64,11,2024-12-10
C0777,金卡,2025-07-21,37326,85952,38419,2.4,18918.93,12,2025-01-09
C0778,银卡,2023-06-09,11052,50716,49686,2.3,2135.87,5,2024-08-23
C0779,金卡,2022-08-04,15376,39932,31172,1.1,15928.6,16,2025-07-21
C0780,普通,2025-12-01,843,1112,519,4.3,2471.65,7,2025-06-23
C0781,黑卡,2023-09-23,33002,64767,1418,4.0,16461.56,14,2024-07-10
C0782,金卡,2025-11-08,37482,65177,41519,3.3,16175.49,4,2025-06-07
C0783,金卡,2025-06-09,16857,59831,37359,4.3,8133.5,7,2025-04-28
C0784,金卡,2022-09-08,35063,66802,49061,2.6,10790.56,15,2024-06-11
C0785,黑卡,2025-03-10,79877,125134,25018,3.5,25162.38,5,2024-01-08
C0786,银卡,2022-04-14,4056,8460,7514,0.5,4463.27,5,2024-09-25
C0787,普通,2023-12-27,141,41955,10307,1.4,2009.08,10,2025-03-27
C0788,银卡,2025-01-26,2929,30294,1801,0.5,6738.48,18,2025-02-10
C0789,金卡,2024-06-07,44500,56759,15841,2.2,15575.06,6,2025-04-29
C0790,金卡,2025-10-12,18677,24924,7541,4.6,19735.46,3,2025-03-21
C0791,银卡,2024-02-09,6244,39045,22730,0.8,6774.58,1,2025-01-23
C0792,普通,2022-06-05,2048,11800,734,0.6,2730.93,7,2025-01-22
C0793,银卡,2024-11-28,5390,8229,5311,0.9,7898.38,7,2025-12-26
C0794,黑卡,2025-08-24,46187,64764,60021,2.3,37723.37,15,2024-02-15
C0795,银卡,2023-12-23,14254,50110,4759,3.1,3759.03,1,2025-06-29
C0796,银卡,2022-02-22,18548,52959,26198,0.5,2623.99,0,2024-05-11
C0797,普通,2024-06-03,1158,35084,3158,3.6,1691.69,17,2025-07-07
C0798,银卡,2024-10-13,14677,40647,8225,1.8,5347.51,18,2025-07-13
C0799,金卡,2022-08-08,42994,79854,32576,4.0,17953.33,9,2025-05-22
C0800,金卡,2024-06-19,18253,21585,4327,2.0,6968.11,4,2024-11-02
C0801,金卡,2024-01-31,19957,63099,21407,0.6,17042.01,20,2024-11-24
C0802,银卡,2025-08-03,3743,23490,3140,2.0,4527.95,6,2025-12-24
C0803,银卡,2024-08-18,17358,24206,928,3.5,6706.05,8,2025-12-14
C0804,普通,2026-01-01,2915,35848,31947,2.7,1213.72,1,2025-05-27
C0805,金卡,2022-11-16,36352,62006,46445,1.8,18172.23,6,2025-04-02
C0806,银卡,2024-06-25,6586,44323,5883,3.1,4761.41,14,2024-03-21
C0807,银卡,2023-01-25,13485,28158,11981,2.4,5165.86,0,2025-11-12
C0808,银卡,2024-12-21,19627,22657,11681,3.6,7048.45,8,2024-05-12
C0809,黑卡,2025-09-10,79998,94921,42502,2.8,49527.31,6,2024-02-26
C0810,普通,2023-07-10,1196,45289,35017,3.1,1358.17,6,2025-10-02
C0811,金卡,2025-06-17,11997,22703,16339,1.8,14522.11,7,2025-04-28
C0812,普通,2025-01-25,4334,29804,1774,1.0,1242.55,6,2024-11-16
C0813,银卡,2024-10-13,7342,26930,26344,0.5,7792.09,3,2024-07-31
C0814,普通,2024-09-07,2219,45201,38519,4.2,1787.25,20,2024-03-14
C0815,普通,2024-06-17,4067,25696,8741,3.4,2818.58,20,2025-12-01
C0816,银卡,2025-05-14,19773,46127,41553,4.8,3587.34,17,2024-08-08
C0817,普通,2023-07-31,707,17630,1714,2.3,2177.82,16,2025-02-03
C0818,银卡,2023-11-14,1127,41515,17916,3.1,4996.77,6,2025-07-22
C0819,黑卡,2023-06-09,31457,59698,9953,3.7,22989.24,17,2025-01-03
C0820,普通,2022-07-15,2828,33550,9981,0.9,968.53,8,2025-09-10
C0821,金卡,2023-08-15,47270,66933,39210,3.7,8496.42,11,2024-07-13
C0822,银卡,2024-07-30,8549,15804,15504,1.4,7088.84,12,2024-04-15
C0823,金卡,2023-06-12,19119,57808,22340,2.0,19507.8,20,2025-01-15
C0824,普通,2024-08-27,2881,43146,25773,1.2,907.59,2,2025-12-27
C0825,普通,2025-03-14,4032,9592,5006,2.0,1860.91,4,2024-05-19
C0826,普通,2025-06-15,1060,27458,2333,1.2,1325.74,11,2025-02-09
C0827,普通,2025-10-16,1086,3611,322,1.6,1836.65,20,2024-05-11
C0828,普通,2024-03-17,4515,25776,19455,1.2,2795.05,15,2024-04-07
C0829,金卡,2023-11-25,39875,87024,81349,3.5,12127.85,17,2025-11-03
C0830,金卡,2022-03-22,13221,58192,10241,4.9,6147.94,20,2025-11-01
C0831,金卡,2024-10-10,23188,72619,48671,4.7,17886.21,0,2024-02-05
C0832,金卡,2023-10-31,20348,35566,24396,2.0,18476.35,8,2025-05-07
C0833,普通,2023-02-01,1194,41220,5741,4.3,1097.88,14,2024-10-29
C0834,普通,2024-10-01,249,45026,8624,1.4,2037.4,7,2025-12-29
C0835,普通,2023-03-31,381,1820,656,2.6,2850.04,14,2024-03-25
C0836,普通,2024-01-23,3795,29251,7620,2.5,1956.71,3,2024-09-20
C0837,银卡,2023-06-14,9759,26254,16734,1.9,5556.95,18,2024-09-26
C0838,银卡,2023-12-14,19312,56710,52480,2.1,7051.21,16,2024-08-13
C0839,银卡,2023-07-29,12128,14403,13314,1.7,7753.32,20,2024-01-04
C0840,银卡,2025-05-18,17165,54263,2332,0.8,4530.47,20,2025-10-12
C0841,金卡,2025-12-22,18442,65683,63742,3.6,6444.83,11,2024-05-04
C0842,金卡,2023-07-31,26651,73258,67747,3.7,11776.13,3,2024-01-16
C0843,普通,2025-02-18,1567,50864,4939,2.7,2090.45,15,2025-01-31
C0844,黑卡,2022-02-15,90696,122682,76858,2.3,35812.39,13,2024-03-24
C0845,黑卡,2024-12-15,46003,88385,11944,4.7,22221.51,18,2024-10-11
C0846,普通,2023-02-18,1185,2298,1021,3.9,712.86,12,2024-10-20
C0847,银卡,2022-06-30,12457,27595,26944,3.5,7664.33,17,2024-12-30
C0848,银卡,2023-05-13,3895,23548,11313,3.2,2283.19,0,2024-05-25
C0849,黑卡,2024-04-24,68697,77361,2794,0.7,45080.91,20,2025-08-28
C0850,金卡,2024-10-04,31933,54072,22891,1.0,9429.15,20,2025-09-03
C0851,普通,2025-03-08,1525,45010,14628,1.0,1779.13,12,2025-01-26
C0852,银卡,2023-05-30,2464,10067,5080,2.0,6162.85,9,2024-11-09
C0853,银卡,2025-11-21,11852,58165,40058,1.2,3447.94,11,2024-12-26
C0854,银卡,2024-09-15,17768,56939,16641,2.0,7671.93,11,2025-12-25
C0855,普通,2025-09-13,188,29820,24972,2.8,1747.0,9,2025-04-17
C0856,金卡,2025-12-31,19661,64500,63839,2.5,18140.03,9,2024-11-15
C0857,金卡,2024-10-27,43817,47395,4481,1.3,11262.9,4,2024-10-04
C0858,金卡,2024-08-01,36177,44363,40401,2.5,13620.22,3,2024-07-28
C0859,金卡,2022-02-12,11044,47340,46723,2.9,9468.52,11,2024-08-06
C0860,金卡,2022-07-12,34910,39541,30831,2.9,11940.18,15,2024-03-11
C0861,银卡,2023-09-10,2439,50864,7213,2.3,5747.33,17,2025-09-01
C0862,银卡,2023-04-18,10438,35032,21835,1.5,3922.81,7,2025-09-19
C0863,普通,2024-05-05,4525,41236,32585,4.9,2719.04,14,2025-05-05
C0864,金卡,2025-12-03,11879,49588,49574,1.7,16850.85,19,2024-04-09
C0865,普通,2023-05-24,1421,8064,2572,3.1,689.24,5,2024-05-05
C0866,金卡,2023-09-28,21922,34331,23458,4.9,13571.73,13,2025-11-30
C0867,普通,2025-10-09,2147,28271,16258,0.6,542.27,9,2025-01-06
C0868,普通,2025-04-07,104,35909,7947,4.6,792.42,0,2024-08-20
C0869,普通,2024-02-19,3428,12847,6427,2.1,2546.52,10,2024-08-20
C0870,普通,2024-09-23,2937,41020,28327,4.6,1016.77,6,2024-09-05
C0871,金卡,2025-02-08,29689,55430,52267,4.5,9922.85,4,2024-10-10
C0872,金卡,2025-01-01,41267,71811,30227,2.8,17313.63,20,2025-08-17
C0873,银卡,2023-12-28,9634,10440,2845,3.7,3956.46,14,2025-04-06
C0874,普通,2024-06-09,3695,34096,33746,3.2,1645.96,6,2024-06-17
C0875,普通,2025-02-27,3269,21540,20702,1.0,823.25,20,2025-09-29
C0876,普通,2023-11-10,4972,16550,4307,2.9,2139.84,19,2025-03-18
C0877,普通,2023-12-29,2794,10618,4549,0.8,1727.51,13,2025-09-22
C0878,金卡,2025-12-25,12730,34595,26842,4.5,13160.91,16,2025-04-23
C0879,普通,2024-08-08,4747,21008,8061,4.3,1652.02,16,2024-01-30
C0880,银卡,2023-07-14,1763,6252,142,4.2,7987.91,11,2024-04-04
C0881,普通,2023-10-09,2106,41420,28218,1.1,2815.01,19,2024-01-26
C0882,普通,2023-06-10,683,17099,3942,3.2,1414.54,6,2024-02-16
C0883,银卡,2023-05-11,17471,59357,48823,4.5,4588.96,8,2024-07-29
C0884,银卡,2022-09-14,17549,43730,26903,2.2,5725.97,4,2025-10-10
C0885,普通,2023-02-10,2707,50558,8790,3.7,1656.7,16,2024-11-05
C0886,普通,2023-10-25,3568,12747,1219,4.8,2791.3,17,2024-08-19
C0887,银卡,2022-09-26,13849,36292,35156,4.0,6006.72,6,2024-10-28
C0888,普通,2025-01-12,2126,13489,10766,3.5,1239.54,20,2024-11-04
C0889,普通,2025-11-30,1673,28087,11949,2.1,2901.79,18,2025-09-06
C0890,黑卡,2023-01-22,34623,34948,28349,4.5,26921.93,1,2025-09-06
C0891,银卡,2023-02-07,4072,13386,3890,0.7,4059.56,7,2025-05-23
C0892,银卡,2023-04-11,13744,25262,10352,3.8,5420.25,19,2025-01-08
C0893,银卡,2024-10-01,11788,19298,4306,2.1,7857.58,14,2025-12-29
C0894,银卡,2023-08-18,12613,40463,606,2.3,2152.51,19,2025-07-09
C0895,银卡,2025-05-22,15136,52682,51059,1.9,4055.62,19,2025-12-18
C0896,金卡,2025-01-05,18817,67084,101,2.7,18551.71,14,2024-12-30
C0897,金卡,2025-06-03,24454,74147,60057,3.2,9359.87,16,2025-07-18
C0898,普通,2023-08-10,4217,5960,3570,4.3,2072.98,6,2025-02-27
C0899,银卡,2022-08-15,19312,55483,4794,1.0,2804.02,6,2025-10-03
C0900,银卡,2023-02-21,17126,63614,20490,1.3,6260.44,2,2024-03-11
C0901,金卡,2023-09-28,44789,78315,5444,2.5,7161.7,11,2025-06-27
C0902,银卡,2023-04-29,17667,47618,18950,3.2,2688.4,0,2025-06-20
C0903,银卡,2024-01-27,17726,41867,10082,3.0,5083.68,7,2025-06-02
C0904,普通,2023-01-27,3627,21837,1793,0.6,2688.33,5,2024-04-04
C0905,银卡,2023-10-08,13481,47292,20604,1.9,7742.42,3,2025-05-02
C0906,普通,2022-02-01,2847,3632,2486,2.0,1215.56,19,2025-06-08
C0907,普通,2025-12-25,3486,12863,9213,2.4,685.77,16,2025-02-17
C0908,普通,2025-01-13,1946,41595,25258,1.1,1060.64,11,2024-02-24
C0909,金卡,2022-10-14,14854,30152,16415,4.4,10829.64,18,2025-12-28
C0910,普通,2023-07-24,1687,14827,13249,2.0,901.13,13,2024-05-13
C0911,银卡,2022-04-27,13758,37978,23494,4.4,3877.66,11,2024-04-28
C0912,金卡,2022-04-28,13438,49270,43754,1.0,16346.96,11,2025-01-10
C0913,普通,2025-02-26,3413,18638,13763,5.0,2157.01,2,2025-08-09
C0914,银卡,2023-09-11,5193,54838,39036,0.5,4201.84,0,2025-08-27
C0915,银卡,2025-12-03,5523,38619,29189,3.1,6854.03,4,2024-06-06
C0916,普通,2022-09-20,4846,24478,15092,4.5,654.26,10,2025-05-26
C0917,金卡,2025-08-28,11509,24200,2534,2.1,12343.83,0,2025-09-13
C0918,普通,2024-10-12,722,45546,20058,2.9,2171.84,12,2024-09-18
C0919,银卡,2022-08-23,4201,45035,12441,2.6,5177.56,13,2024-08-10
C0920,银卡,2022-02-25,7341,49303,44947,4.8,7859.1,13,2025-04-12
C0921,银卡,2025-04-18,19219,24737,7070,4.1,2984.15,20,2025-03-23
C0922,金卡,2023-08-16,35047,35426,27686,1.0,16630.3,16,2024-08-12
C0923,普通,2024-08-22,74,26929,785,2.1,1485.89,12,2025-06-11
C0924,普通,2024-09-21,2289,26118,16553,4.7,1283.34,20,2024-05-10
C0925,金卡,2024-07-16,41587,71088,5509,1.3,18231.33,1,2025-05-17
C0926,银卡,2023-12-07,10079,25862,24417,1.0,5661.55,12,2024-10-22
C0927,金卡,2023-01-15,39308,60790,50165,1.4,15936.72,20,2025-08-20
C0928,金卡,2022-05-12,15219,20854,19426,2.2,7295.44,14,2024-02-16
C0929,金卡,2023-06-21,47841,79399,4973,2.8,17651.23,7,2024-08-03
C0930,银卡,2024-09-27,1505,22019,3581,4.0,4245.57,9,2024-08-07
C0931,普通,2022-09-14,1755,24010,1446,0.8,1238.49,15,2024-04-30
C0932,金卡,2022-05-19,43353,60080,5154,4.6,10141.92,13,2024-06-13
C0933,银卡,2024-04-10,1546,26378,9323,1.4,2893.63,15,2024-06-20
C0934,普通,2024-10-21,1698,39409,27367,2.6,2509.58,2,2024-07-09
C0935,金卡,2022-06-29,31579,45944,6294,3.6,6565.04,9,2024-08-22
C0936,金卡,2025-04-24,17946,63283,55678,0.8,17295.66,18,2025-09-08
C0937,银卡,2025-07-15,9400,55769,3280,3.5,2813.04,18,2024-11-25
C0938,普通,2025-11-26,4268,26988,24008,3.4,2076.69,17,2024-09-27
C0939,银卡,2022-05-13,11572,19675,7095,4.5,6590.21,13,2025-07-24
C0940,金卡,2022-12-03,26114,27917,19657,3.1,18343.91,7,2024-02-11
C0941,黑卡,2022-11-30,52084,62861,9751,3.7,31213.03,4,2025-03-25
C0942,普通,2025-03-28,4665,52894,31823,0.5,564.3,17,2024-01-15
C0943,普通,2023-10-11,2374,7814,6808,4.9,2326.63,18,2024-10-23
C0944,金卡,2022-07-02,30187,50226,33649,2.7,13656.95,11,2025-04-06
C0945,银卡,2023-06-19,3405,6590,4296,2.3,3801.11,19,2024-07-30
C0946,银卡,2022-09-15,4998,10893,8205,1.0,2340.1,2,2025-12-03
C0947,黑卡,2025-03-15,64028,73993,73042,1.0,43788.7,0,2024-04-30
C0948,普通,2024-05-15,3765,39456,6433,1.6,1405.94,7,2024-11-15
C0949,银卡,2025-06-23,19460,35586,35254,4.3,7149.46,16,2025-06-21
C0950,普通,2025-05-10,391,12903,9730,3.2,930.76,10,2024-08-11
C0951,银卡,2025-07-18,12851,18638,6787,3.4,7623.15,5,2025-02-09
C0952,金卡,2023-05-07,25293,62837,2507,3.1,17000.83,9,2025-07-22
C0953,银卡,2024-12-09,11080,32834,18418,4.4,6426.96,4,2025-04-19
C0954,黑卡,2024-03-16,87737,111930,104759,3.2,24957.97,15,2024-11-13
C0955,银卡,2024-08-02,5199,38933,25607,2.6,7947.74,12,2025-04-15
C0956,普通,2024-06-30,4594,46295,43020,3.4,524.02,5,2025-04-27
C0957,普通,2023-09-23,1960,40261,7509,4.7,2255.58,4,2025-05-23
C0958,银卡,2025-04-26,12744,59147,25288,3.6,5496.5,3,2024-09-18
C0959,银卡,2024-06-09,4046,35746,15930,4.7,7992.01,10,2024-01-07
C0960,普通,2023-10-13,3349,40559,36363,4.6,1591.27,11,2025-04-15
C0961,银卡,2025-03-11,16539,54531,34275,4.4,3737.37,18,2024-01-19
C0962,银卡,2025-06-28,8046,8928,1865,1.5,7012.98,12,2024-08-14
C0963,金卡,2022-05-26,13689,28242,13357,2.8,17003.82,7,2025-02-16
C0964,金卡,2025-06-19,46988,69296,66618,2.7,14062.24,14,2025-01-29
C0965,金卡,2022-08-04,31717,81517,62014,2.9,7263.56,9,2025-02-24
C0966,普通,2023-03-09,1810,41421,35104,2.8,2493.04,6,2024-12-27
C0967,普通,2025-07-23,1032,30871,24047,2.1,721.37,18,2025-02-15
C0968,金卡,2023-03-28,35810,42461,23089,4.2,13723.48,13,2024-01-13
C0969,银卡,2023-07-04,17168,49562,5806,2.8,2232.71,7,2024-01-04
C0970,普通,2025-09-25,64,32469,17283,3.8,2296.08,19,2025-11-19
C0971,金卡,2022-06-24,46476,51913,44895,4.8,15240.48,19,2025-04-05
C0972,金卡,2022-11-21,26767,58713,23148,3.0,10950.15,8,2025-01-21
C0973,银卡,2023-06-02,17729,63655,61118,3.3,5430.04,19,2024-05-22
C0974,普通,2022-12-28,4235,6093,3444,2.3,1957.49,10,2024-06-14
C0975,金卡,2025-02-27,36477,49176,39051,3.4,6855.83,19,2025-07-16
C0976,银卡,2022-06-27,18325,20565,1499,3.0,2161.46,9,2024-06-07
C0977,金卡,2022-12-04,37123,59859,22971,4.0,18951.02,0,2024-05-03
C0978,金卡,2022-01-14,31740,58762,41137,4.0,12698.34,6,2024-07-04
C0979,金卡,2024-04-26,34903,67791,4611,4.9,18783.37,17,2025-12-04
C0980,银卡,2024-07-18,5890,35605,25022,2.6,2531.24,18,2025-10-22
C0981,普通,2025-11-15,4857,8691,5473,3.6,2501.19,11,2025-07-05
C0982,金卡,2025-05-11,20931,58591,26231,0.7,15175.71,10,2024-05-10
C0983,银卡,2024-09-01,13044,33031,10506,4.6,7425.43,9,2024-05-03
C0984,金卡,2023-08-26,45048,49978,24916,3.1,10548.84,13,2025-08-17
C0985,普通,2022-04-01,1520,10111,7841,3.4,1516.59,11,2024-08-05
C0986,普通,2023-04-21,1301,18024,5770,2.6,715.86,13,2025-05-30
C0987,金卡,2023-09-02,44441,90327,68682,2.7,18600.62,20,2025-03-01
C0988,金卡,2025-12-25,20797,45930,2246,1.8,7217.45,11,2025-07-04
C0989,黑卡,2023-08-03,30211,30626,394,3.1,48828.76,6,2024-06-17
C0990,金卡,2026-01-07,17260,38984,31402,3.3,7593.95,2,2025-05-07
C0991,银卡,2024-08-11,18266,24475,5114,4.0,6799.5,15,2025-07-22
C0992,金卡,2022-06-20,24308,50108,46827,3.8,16374.2,1,2024-09-24
C0993,金卡,2025-11-23,20109,36813,31999,4.2,16218.05,16,2025-03-26
C0994,银卡,2023-05-13,9043,44589,10262,4.0,3399.34,15,2024-05-16
C0995,银卡,2023-07-08,13239,28534,27004,1.9,6806.27,6,2025-03-12
C0996,普通,2025-07-20,1717,51674,116,3.6,2275.13,1,2024-09-24
C0997,银卡,2025-05-13,2367,44055,41832,3.4,4837.95,1,2025-12-26
C0998,金卡,2025-10-09,38625,80091,72610,1.6,8829.8,4,2024-08-08
C0999,普通,2023-02-20,4177,40667,7357,4.1,2002.07,2,2025-09-05
C1000,普通,2024-06-13,4212,43017,19030,1.7,2214.05,0,2024-07-29
