customer_id,avg_browse_duration_min,monthly_page_views,search_keywords_count,cart_add_count,cart_abandon_rate,click_through_rate,email_open_rate,complaint_count,has_complaint_last_month
C0001,23.99,252,5,3,0.36,0.152,0.351,0,是
C0002,4.72,224,21,14,0.63,0.069,0.14,5,是
C0003,2.57,252,39,18,0.61,0.028,0.184,0,是
C0004,98.63,46,12,34,0.65,0.241,0.781,5,否
C0005,44.76,84,31,18,0.66,0.009,0.275,3,否
C0006,24.29,334,0,25,0.16,0.234,0.479,2,是
C0007,10.77,487,21,6,0.09,0.102,0.569,5,否
C0008,18.76,38,10,13,0.01,0.1,0.295,1,否
C0009,40.56,23,66,10,0.63,0.198,1.045,5,否
C0010,25.19,19,23,11,0.59,0.121,0.064,5,否
C0011,6.15,288,29,12,0.74,0.186,0.11,3,是
C0012,4.26,51,13,14,0.32,0.049,0.11,2,是
C0013,6.36,9,8,15,0.07,0.111,0.047,1,否
C0014,44.65,176,5,8,0.55,0.115,0.268,2,是
C0015,4.99,161,1,7,0.65,0.145,0.129,4,是
C0016,19.79,56,6,21,0.25,0.156,0.433,2,否
C0017,12.53,357,8,20,0.79,0.152,0.004,5,否
C0018,0.97,17,3,0,0.55,0.136,0.122,3,否
C0019,11.06,231,25,4,0.56,0.056,0.177,2,否
C0020,13.68,348,8,24,0.22,0.115,0.051,2,否
C0021,13.03,30,1,8,0.05,0.018,0.235,0,是
C0022,14.92,500,56,30,0.37,0.083,0.324,2,是
C0023,35.21,265,39,1,0.49,0.186,0.585,5,否
C0024,32.24,96,44,0,0.78,0.039,0.247,0,否
C0025,6.08,318,2,15,0.41,0.089,0.333,1,否
C0026,3.83,23,14,8,0.87,0.229,0.236,1,否
C0027,12.6,438,14,0,0.02,0.157,0.251,4,否
C0028,13.4,182,13,9,0.23,0.004,0.036,0,否
C0029,5.97,174,24,3,0.55,0.023,0.243,3,否
C0030,60.36,552,30,15,0.74,0.028,0.421,4,是
C0031,39.87,290,24,0,0.03,0.235,0.193,3,是
C0032,22.36,208,48,21,0.02,0.024,0.084,3,否
C0033,47.99,81,19,1,0.02,0.236,0.422,4,是
C0034,59.08,351,57,26,0.77,0.227,0.194,0,否
C0035,26.92,660,7,18,0.71,0.023,0.659,4,是
C0036,38.78,125,32,20,0.54,0.119,0.438,4,否
C0037,19.17,168,2,3,0.42,0.066,0.036,3,否
C0038,28.94,310,14,2,0.37,0.092,0.048,1,否
C0039,13.76,24,24,12,0.51,0.06,0.399,2,否
C0040,8.78,305,35,24,0.46,0.142,0.139,4,是
C0041,71.69,279,0,2,0.64,0.328,0.119,3,是
C0042,1.89,292,3,19,0.41,0.325,0.608,0,是
C0043,19.72,348,8,16,0.6,0.007,0.386,5,否
C0044,2.85,240,17,15,0.88,0.013,0.111,5,否
C0045,43.24,371,5,1,0.88,0.231,0.351,4,否
C0046,27.83,132,0,13,0.74,0.011,0.164,3,否
C0047,21.9,90,12,28,0.11,0.341,0.636,4,是
C0048,17.13,115,16,5,0.39,0.002,0.052,0,否
C0049,16.2,109,15,5,0.43,0.014,0.253,1,否
C0050,16.9,79,19,6,0.08,0.097,0.025,1,否
C0051,32.37,245,13,20,0.15,0.161,0.269,4,是
C0052,22.24,312,20,14,0.85,0.161,0.407,5,是
C0053,8.01,153,11,3,0.64,0.039,0.237,4,否
C0054,3.37,111,1,7,0.81,0.096,0.053,2,是
C0055,16.0,158,17,2,0.7,0.11,0.383,5,否
C0056,5.45,166,1,14,0.54,0.063,0.192,4,否
C0057,27.63,158,55,9,0.84,0.155,0.191,4,否
C0058,7.28,185,0,3,0.5,0.025,0.068,2,是
C0059,39.62,170,13,13,0.49,0.0,0.464,1,否
C0060,16.04,138,22,8,0.21,0.006,0.131,2,否
C0061,51.79,702,59,25,0.54,0.037,0.024,0,是
C0062,14.4,91,5,14,0.81,0.239,0.119,5,是
C0063,71.9,542,15,26,0.37,0.084,0.342,3,是
C0064,10.25,66,1,14,0.23,0.083,0.028,2,是
C0065,43.68,151,13,19,0.27,0.035,0.06,0,否
C0066,9.54,10,6,11,0.26,0.004,0.17,3,是
C0067,22.56,307,24,22,0.82,0.179,0.371,1,否
C0068,64.21,536,86,30,0.57,0.295,1.033,5,是
C0069,41.58,192,28,3,0.09,0.019,0.13,4,是
C0070,23.62,217,10,9,0.17,0.059,0.113,2,否
C0071,18.49,140,19,12,0.82,0.105,0.175,5,否
C0072,14.96,211,19,14,0.28,0.214,0.043,2,否
C0073,29.37,208,21,0,0.1,0.092,0.217,5,是
C0074,1.76,178,24,7,0.9,0.037,0.279,5,是
C0075,25.29,49,36,2,0.38,0.262,0.163,4,否
C0076,9.94,132,12,10,0.88,0.155,0.048,4,否
C0077,9.83,155,1,6,0.44,0.007,0.178,5,否
C0078,87.16,282,59,32,0.23,0.025,0.994,3,否
C0079,23.57,192,17,9,0.39,0.075,0.015,3,否
C0080,17.48,763,90,52,0.28,0.229,0.393,3,否
C0081,16.13,9,18,7,0.7,0.046,0.096,1,是
C0082,56.25,500,45,0,0.38,0.087,0.563,2,否
C0083,42.04,324,6,21,0.57,0.185,0.162,2,是
C0084,7.8,393,25,22,0.55,0.082,0.039,5,否
C0085,17.31,180,12,9,0.14,0.098,0.823,3,否
C0086,28.93,124,22,10,0.43,0.06,0.229,4,是
C0087,42.14,104,9,9,0.25,0.531,0.1,4,否
C0088,25.6,215,32,9,0.89,0.001,0.434,4,是
C0089,5.2,244,26,9,0.43,0.119,0.268,1,是
C0090,5.19,154,11,7,0.84,0.135,0.279,2,否
C0091,6.48,297,20,20,0.24,0.039,0.39,0,是
C0092,21.91,237,5,0,0.18,0.038,0.221,3,否
C0093,10.94,145,35,14,0.66,0.208,0.255,3,否
C0094,46.74,264,8,8,0.89,0.228,0.084,1,是
C0095,48.37,432,57,8,0.45,0.316,0.261,2,是
C0096,2.26,585,32,9,0.27,0.132,0.47,2,是
C0097,41.75,349,3,2,0.13,0.046,0.449,3,否
C0098,23.09,159,24,11,0.66,0.074,0.282,5,是
C0099,13.52,233,24,6,0.69,0.036,0.088,5,是
C0100,14.68,10,6,13,0.75,0.081,0.206,0,否
C0101,10.61,5,20,8,0.05,0.127,0.182,3,是
C0102,24.8,67,10,11,0.57,0.005,0.183,1,否
C0103,21.58,131,4,4,0.56,0.034,0.254,2,是
C0104,3.86,856,79,45,0.57,0.056,0.075,3,否
C0105,22.76,120,25,22,0.06,0.102,0.475,2,否
C0106,7.63,174,11,4,0.24,0.008,0.16,4,否
C0107,33.04,198,30,15,0.2,0.169,0.265,0,否
C0108,7.23,155,3,2,0.48,0.144,0.154,2,否
C0109,38.59,236,29,10,0.89,0.127,0.373,5,是
C0110,14.69,132,24,14,0.63,0.201,0.05,3,是
C0111,12.18,99,1,20,0.08,0.175,0.287,5,否
C0112,34.1,75,13,3,0.81,0.2,0.311,4,否
C0113,17.58,225,27,32,0.71,0.082,0.122,5,否
C0114,2.17,571,12,36,0.79,0.076,0.124,4,是
C0115,34.16,232,10,4,0.13,0.011,0.056,1,是
C0116,8.43,4,0,1,0.62,0.093,0.208,0,是
C0117,43.68,212,32,15,0.6,0.134,0.385,3,否
C0118,3.65,142,2,13,0.27,0.056,0.239,2,是
C0119,44.03,100,28,7,0.84,0.156,0.308,0,是
C0120,23.59,73,13,12,0.68,0.128,0.192,1,否
C0121,14.85,358,29,8,0.75,0.19,0.017,1,是
C0122,21.94,311,20,23,0.16,0.089,0.391,2,否
C0123,13.13,21,10,0,0.81,0.007,0.13,5,否
C0124,45.58,93,7,0,0.81,0.212,0.401,0,是
C0125,76.04,829,25,16,0.0,0.241,0.35,3,否
C0126,55.61,294,2,19,0.55,0.132,0.404,1,否
C0127,20.15,86,14,13,0.13,0.128,0.272,4,否
C0128,11.47,378,34,30,0.01,0.084,0.312,4,是
C0129,14.17,177,21,10,0.44,0.092,0.109,2,否
C0130,13.0,284,4,21,0.41,0.136,0.499,1,是
C0131,0.67,24,4,6,0.79,0.115,0.108,5,是
C0132,27.37,190,6,20,0.77,0.274,0.706,4,否
C0133,28.04,243,2,12,0.41,0.05,0.094,0,否
C0134,35.04,183,54,2,0.6,0.05,0.214,4,是
C0135,84.68,97,61,37,0.72,0.348,0.156,0,否
C0136,28.2,114,8,2,0.15,0.09,0.143,4,是
C0137,21.57,336,36,22,0.9,0.212,0.346,2,否
C0138,98.95,104,63,19,0.61,0.201,0.9,0,否
C0139,20.89,210,6,0,0.76,0.034,0.405,2,否
C0140,59.8,441,43,0,0.84,0.018,0.455,1,否
C0141,19.68,392,2,11,0.15,0.199,0.134,3,是
C0142,24.15,380,28,15,0.3,0.173,0.378,0,是
C0143,2.67,135,20,15,0.82,0.078,0.048,2,否
C0144,7.21,37,13,1,0.35,0.14,0.277,2,是
C0145,34.67,42,60,13,0.85,0.231,0.542,0,是
C0146,5.58,156,0,15,0.16,0.111,0.387,5,是
C0147,15.12,178,4,18,0.79,0.179,0.109,3,是
C0148,39.4,59,9,0,0.03,0.017,0.206,2,是
C0149,0.22,201,12,22,0.63,0.237,0.042,4,否
C0150,40.45,206,52,10,0.2,0.233,0.574,4,否
C0151,44.63,520,64,10,0.78,0.223,0.142,2,否
C0152,45.91,317,5,10,0.75,0.021,0.3,5,是
C0153,70.37,129,22,30,0.48,0.077,0.555,0,是
C0154,18.56,33,10,13,0.7,0.239,0.29,5,是
C0155,3.3,368,14,4,0.87,0.188,0.35,3,否
C0156,56.59,820,27,18,0.78,0.082,0.572,3,否
C0157,29.37,113,1,11,0.39,0.029,0.164,5,否
C0158,26.73,240,17,8,0.18,0.046,0.053,1,否
C0159,66.32,495,48,32,0.27,0.329,0.389,2,否
C0160,2.55,337,22,23,0.25,0.012,0.173,4,否
C0161,25.38,229,30,6,0.19,0.066,0.594,4,是
C0162,38.94,210,58,12,0.1,0.178,0.504,5,是
C0163,19.98,156,3,14,0.21,0.143,0.299,3,否
C0164,6.82,427,1,4,0.3,0.106,0.679,5,否
C0165,2.59,291,8,4,0.57,0.097,0.298,1,否
C0166,39.24,385,13,17,0.85,0.164,0.479,0,是
C0167,8.75,372,16,20,0.71,0.136,0.419,0,是
C0168,17.05,392,86,45,0.63,0.027,0.345,2,是
C0169,25.88,240,5,14,0.79,0.145,0.196,5,否
C0170,21.13,368,31,8,0.03,0.068,0.459,3,是
C0171,55.08,438,14,32,0.12,0.214,0.036,2,否
C0172,46.36,566,16,25,0.68,0.024,0.007,3,否
C0173,68.93,387,15,10,0.7,0.004,0.497,4,是
C0174,0.09,91,4,15,0.03,0.032,0.014,4,否
C0175,1.93,141,9,10,0.55,0.014,0.066,5,否
C0176,42.26,256,8,24,0.49,0.083,0.36,2,否
C0177,10.55,228,28,2,0.03,0.147,0.351,4,是
C0178,19.32,104,18,6,0.85,0.136,0.164,0,否
C0179,21.51,124,8,0,0.7,0.134,0.299,4,否
C0180,74.99,124,81,50,0.86,0.358,0.616,2,否
C0181,17.43,249,11,13,0.2,0.0,0.147,3,是
C0182,36.09,16,23,9,0.57,0.447,0.079,1,否
C0183,22.54,85,30,6,0.26,0.165,0.183,4,是
C0184,45.2,411,43,26,0.7,0.079,0.159,2,是
C0185,2.09,191,25,0,0.51,0.096,0.268,5,是
C0186,10.69,3,20,12,0.86,0.083,0.124,2,是
C0187,1.0,549,8,2,0.35,0.16,0.572,4,是
C0188,20.27,422,25,36,0.88,0.328,0.241,4,否
C0189,23.28,352,13,2,0.15,0.265,0.555,2,是
C0190,11.86,61,7,6,0.6,0.132,0.239,5,是
C0191,32.95,223,39,6,0.07,0.166,0.334,0,是
C0192,0.08,278,8,2,0.72,0.303,0.162,4,是
C0193,13.03,270,52,36,0.15,0.233,0.438,5,是
C0194,4.86,562,39,30,0.11,0.206,0.352,0,否
C0195,40.72,272,7,28,0.1,0.157,0.386,2,是
C0196,35.06,364,16,14,0.67,0.166,0.226,5,是
C0197,11.45,134,1,11,0.05,0.149,0.102,1,否
C0198,25.68,334,35,15,0.77,0.016,0.47,4,是
C0199,15.26,151,15,14,0.16,0.076,0.1,2,是
C0200,31.55,214,6,4,0.65,0.114,0.001,1,是
C0201,29.52,223,6,16,0.83,0.235,0.065,1,是
C0202,7.56,73,8,7,0.89,0.098,0.219,5,是
C0203,1.98,246,11,9,0.54,0.029,0.003,1,是
C0204,3.83,164,6,0,0.25,0.107,0.045,1,是
C0205,51.62,310,26,32,0.84,0.25,0.074,2,是
C0206,4.47,723,86,7,0.45,0.226,0.957,3,否
C0207,11.88,3,21,13,0.05,0.107,0.178,3,否
C0208,49.64,374,66,5,0.55,0.121,0.829,5,是
C0209,31.28,248,4,10,0.61,0.195,0.47,0,否
C0210,8.96,223,19,0,0.77,0.024,0.225,4,是
C0211,3.58,203,0,4,0.22,0.145,0.162,2,是
C0212,29.76,164,8,3,0.51,0.192,0.097,0,否
C0213,35.05,313,3,13,0.37,0.319,0.698,3,否
C0214,33.16,468,2,14,0.21,0.142,0.11,4,否
C0215,10.86,17,9,9,0.26,0.114,0.076,5,是
C0216,13.23,112,12,3,0.62,0.091,0.057,1,否
C0217,16.5,127,32,15,0.34,0.109,0.062,1,否
C0218,4.04,228,3,1,0.27,0.022,0.065,3,是
C0219,27.59,191,10,15,0.59,0.104,0.08,1,是
C0220,20.38,220,16,10,0.8,0.006,0.22,4,是
C0221,53.27,577,31,4,0.58,0.261,0.653,5,是
C0222,71.07,534,77,21,0.24,0.109,0.366,1,是
C0223,34.57,397,14,24,0.41,0.23,0.427,5,是
C0224,39.38,225,25,12,0.23,0.109,0.88,5,是
C0225,2.33,183,11,13,0.6,0.075,0.008,5,否
C0226,17.75,195,39,18,0.35,0.166,0.324,3,否
C0227,23.88,105,18,11,0.81,0.12,0.08,5,否
C0228,45.46,151,12,10,0.33,0.113,0.411,3,否
C0229,100.57,556,88,28,0.34,0.436,0.465,2,是
C0230,3.8,144,14,8,0.02,0.167,0.004,2,否
C0231,24.39,337,16,4,0.68,0.143,0.155,2,否
C0232,19.06,349,22,4,0.1,0.221,0.007,2,是
C0233,7.19,201,22,9,0.89,0.04,0.115,2,是
C0234,71.83,591,19,24,0.49,0.07,0.571,1,否
C0235,39.2,127,39,8,0.8,0.051,0.389,3,否
C0236,10.56,319,23,5,0.09,0.218,0.434,0,是
C0237,23.79,220,17,23,0.15,0.224,0.038,5,否
C0238,4.43,385,28,6,0.29,0.05,0.392,5,否
C0239,22.17,47,13,14,0.82,0.12,0.078,5,否
C0240,3.5,310,14,24,0.87,0.313,0.672,5,是
C0241,20.75,107,25,5,0.79,0.123,0.067,3,否
C0242,32.61,360,32,14,0.61,0.146,0.14,0,是
C0243,20.06,43,49,31,0.04,0.275,0.504,1,否
C0244,67.13,44,1,34,0.84,0.117,0.374,0,是
C0245,1.22,65,24,21,0.61,0.175,0.032,1,否
C0246,22.23,350,9,2,0.38,0.145,0.109,4,是
C0247,23.08,58,24,6,0.48,0.094,0.026,1,是
C0248,14.29,127,28,22,0.31,0.255,0.373,3,是
C0249,27.19,9,19,10,0.17,0.109,0.257,1,否
C0250,6.14,156,31,8,0.74,0.206,0.328,1,是
C0251,5.07,166,22,12,0.73,0.034,0.185,4,是
C0252,0.04,95,15,11,0.62,0.134,0.249,2,是
C0253,6.2,176,21,1,0.46,0.233,0.225,0,是
C0254,16.54,120,1,8,0.17,0.091,0.236,0,是
C0255,59.74,128,28,1,0.09,0.177,0.112,0,否
C0256,19.34,246,17,3,0.8,0.084,0.168,1,是
C0257,28.91,128,21,12,0.76,0.065,0.212,2,否
C0258,37.41,199,9,8,0.4,0.063,0.07,1,是
C0259,4.25,43,22,8,0.02,0.016,0.182,2,是
C0260,10.38,174,23,9,0.14,0.122,0.297,5,是
C0261,12.86,594,26,14,0.05,0.066,0.64,2,是
C0262,11.15,15,12,3,0.75,0.095,0.217,1,是
C0263,61.57,75,40,1,0.24,0.246,0.354,0,是
C0264,0.19,173,10,3,0.77,0.142,0.232,5,否
C0265,4.45,229,21,1,0.2,0.058,0.12,0,否
C0266,47.81,146,43,31,0.65,0.236,0.278,2,否
C0267,23.72,14,11,5,0.23,0.011,0.052,5,是
C0268,11.05,112,23,4,0.06,0.085,0.275,2,否
C0269,20.56,10,28,23,0.6,0.138,0.18,1,否
C0270,13.53,129,11,12,0.17,0.072,0.0,1,是
C0271,18.26,272,12,25,0.01,0.224,0.469,0,是
C0272,21.87,25,4,4,0.07,0.03,0.073,5,否
C0273,65.23,386,30,16,0.48,0.233,0.292,4,否
C0274,15.52,106,32,18,0.8,0.083,0.574,1,是
C0275,21.02,163,34,19,0.03,0.23,0.334,4,否
C0276,70.06,396,39,12,0.76,0.505,1.016,5,否
C0277,9.74,250,4,16,0.69,0.079,0.09,4,否
C0278,19.62,122,16,1,0.14,0.316,0.38,0,否
C0279,14.59,99,8,4,0.51,0.068,0.276,3,是
C0280,51.19,6,9,15,0.87,0.167,0.22,4,否
C0281,23.83,125,28,11,0.53,0.222,0.425,0,否
C0282,39.18,161,17,10,0.62,0.008,0.412,0,是
C0283,19.52,148,16,17,0.2,0.048,0.283,3,否
C0284,40.68,384,13,36,0.42,0.028,0.636,4,否
C0285,4.12,180,12,3,0.29,0.007,0.111,3,是
C0286,5.38,92,3,2,0.48,0.069,0.202,3,否
C0287,16.9,54,24,22,0.26,0.189,0.612,4,否
C0288,44.04,219,21,15,0.59,0.089,0.7,2,否
C0289,80.5,291,81,14,0.71,0.428,0.33,0,否
C0290,41.0,375,44,8,0.68,0.087,0.508,2,否
C0291,62.46,270,25,32,0.79,0.474,0.285,4,是
C0292,10.52,34,44,12,0.45,0.046,0.521,5,是
C0293,29.65,173,17,10,0.69,0.078,0.257,2,是
C0294,7.48,29,0,14,0.68,0.067,0.018,1,是
C0295,61.95,472,2,18,0.29,0.324,0.373,1,否
C0296,30.25,324,20,8,0.3,0.192,0.063,1,是
C0297,7.33,13,9,4,0.51,0.127,0.114,0,是
C0298,34.73,95,28,0,0.74,0.034,0.354,2,是
C0299,14.73,113,23,41,0.78,0.18,0.425,2,否
C0300,9.14,242,16,16,0.61,0.113,0.001,3,是
C0301,44.29,253,10,24,0.06,0.169,0.265,1,否
C0302,33.4,166,19,5,0.08,0.053,0.26,2,是
C0303,26.55,78,5,3,0.75,0.024,0.201,1,是
C0304,41.18,83,15,11,0.26,0.064,0.1,0,是
C0305,14.46,275,22,17,0.52,0.121,0.333,5,否
C0306,23.44,140,0,0,0.5,0.135,0.285,2,是
C0307,40.97,177,28,28,0.52,0.018,0.638,5,是
C0308,31.04,203,22,22,0.26,0.112,0.09,0,否
C0309,14.96,201,3,4,0.21,0.286,0.601,0,是
C0310,11.66,349,46,36,0.25,0.141,0.13,2,是
C0311,5.97,36,16,2,0.56,0.035,0.041,1,否
C0312,28.89,72,15,7,0.79,0.083,0.158,2,否
C0313,22.49,31,36,17,0.11,0.216,0.376,2,是
C0314,31.5,267,10,28,0.43,0.22,0.541,2,是
C0315,26.96,17,5,4,0.58,0.032,0.023,1,是
C0316,52.9,346,58,9,0.73,0.061,0.021,2,是
C0317,2.24,224,14,11,0.06,0.233,0.279,5,是
C0318,2.73,186,5,15,0.15,0.12,0.088,2,是
C0319,13.18,227,23,6,0.82,0.039,0.265,3,是
C0320,59.88,297,49,24,0.62,0.116,0.188,0,是
C0321,66.65,36,28,13,0.58,0.082,0.628,3,是
C0322,23.66,122,20,2,0.31,0.131,0.019,1,否
C0323,28.74,332,29,20,0.62,0.092,0.364,2,否
C0324,43.91,300,37,3,0.85,0.117,0.301,3,是
C0325,57.2,67,9,2,0.08,0.017,0.382,4,是
C0326,7.07,91,22,8,0.37,0.138,0.184,5,是
C0327,32.72,36,37,10,0.62,0.287,0.671,4,是
C0328,10.58,152,19,9,0.23,0.053,0.179,5,是
C0329,23.71,74,8,3,0.81,0.227,0.359,1,是
C0330,16.73,49,5,0,0.32,0.043,0.043,3,是
C0331,11.31,84,21,12,0.23,0.132,0.115,1,是
C0332,35.52,4,35,13,0.73,0.049,0.139,2,否
C0333,26.32,215,0,4,0.45,0.078,0.153,4,否
C0334,0.85,290,1,30,0.15,0.31,0.442,3,否
C0335,2.14,198,10,3,0.71,0.067,0.077,5,是
C0336,19.07,263,33,4,0.14,0.211,0.356,3,是
C0337,8.04,118,15,7,0.29,0.026,0.274,4,是
C0338,0.53,23,12,5,0.49,0.021,0.181,0,否
C0339,17.18,239,5,2,0.53,0.018,0.097,3,是
C0340,2.02,245,16,8,0.68,0.168,0.193,3,是
C0341,22.24,298,7,16,0.37,0.198,0.347,5,是
C0342,2.05,158,3,8,0.6,0.15,0.013,5,否
C0343,4.66,87,36,2,0.2,0.129,0.409,0,否
C0344,27.55,352,11,17,0.77,0.015,0.308,1,是
C0345,2.83,214,5,12,0.07,0.112,0.153,0,否
C0346,25.84,360,21,13,0.38,0.12,0.193,0,是
C0347,82.47,109,59,18,0.24,0.29,0.421,2,是
C0348,40.18,279,0,0,0.72,0.043,0.445,3,否
C0349,45.96,300,18,31,0.28,0.118,0.53,3,否
C0350,8.45,225,12,11,0.28,0.112,0.179,5,是
C0351,15.68,410,13,3,0.55,0.257,0.314,1,是
C0352,5.41,117,1,10,0.62,0.016,0.117,2,是
C0353,38.2,49,14,18,0.44,0.123,0.422,5,是
C0354,9.73,802,70,25,0.14,0.411,0.635,4,否
C0355,17.26,137,3,10,0.14,0.105,0.033,4,是
C0356,1.71,226,13,6,0.37,0.111,0.224,5,是
C0357,4.49,219,14,27,0.15,0.121,0.392,1,是
C0358,0.28,393,2,12,0.73,0.097,0.638,1,是
C0359,28.06,144,22,2,0.83,0.126,0.185,5,是
C0360,1.79,104,17,11,0.39,0.123,0.227,1,是
C0361,5.32,144,6,14,0.78,0.091,0.116,1,是
C0362,24.44,106,23,1,0.46,0.095,0.265,4,否
C0363,12.75,284,7,8,0.39,0.11,0.559,0,是
C0364,9.11,275,25,20,0.14,0.216,0.344,1,是
C0365,20.19,219,16,11,0.87,0.052,0.056,5,是
C0366,25.36,136,36,24,0.69,0.226,0.009,3,否
C0367,11.57,169,1,6,0.68,0.109,0.248,1,是
C0368,19.04,241,17,8,0.09,0.098,0.08,0,是
C0369,22.42,185,20,2,0.41,0.121,0.053,4,否
C0370,62.59,500,73,12,0.49,0.161,0.714,1,是
C0371,71.33,510,55,4,0.63,0.136,0.501,3,否
C0372,22.91,159,11,9,0.75,0.021,0.134,2,是
C0373,24.73,142,45,9,0.6,0.226,0.007,3,否
C0374,63.83,361,45,0,0.4,0.226,0.103,4,否
C0375,30.46,192,4,28,0.39,0.223,0.349,4,是
C0376,26.56,247,23,7,0.62,0.12,0.268,5,否
C0377,19.47,34,25,4,0.72,0.192,0.407,0,否
C0378,13.86,76,14,8,0.85,0.052,0.12,4,是
C0379,29.92,77,24,9,0.48,0.04,0.095,4,是
C0380,19.89,134,12,14,0.01,0.145,0.035,0,是
C0381,11.95,248,14,0,0.36,0.043,0.181,0,是
C0382,40.31,76,13,13,0.75,0.086,0.05,1,是
C0383,40.05,337,43,20,0.17,0.24,0.03,3,否
C0384,32.0,224,28,5,0.56,0.177,0.126,5,是
C0385,16.6,108,7,0,0.13,0.144,0.236,0,是
C0386,0.07,50,77,19,0.65,0.41,0.436,4,否
C0387,69.67,23,39,21,0.26,0.301,0.829,1,否
C0388,70.47,414,21,15,0.4,0.019,0.548,5,是
C0389,70.59,496,54,9,0.37,0.347,0.038,0,是
C0390,20.53,367,35,2,0.04,0.065,0.142,2,是
C0391,64.96,873,3,21,0.44,0.359,1.031,4,否
C0392,24.56,98,5,4,0.85,0.057,0.236,1,是
C0393,15.53,144,31,15,0.39,0.115,0.151,3,是
C0394,5.53,221,5,1,0.55,0.05,0.065,5,否
C0395,13.19,10,8,7,0.28,0.135,0.091,2,否
C0396,11.17,59,19,6,0.29,0.014,0.247,1,是
C0397,15.0,204,4,3,0.26,0.175,0.105,1,是
C0398,0.24,158,30,4,0.59,0.341,0.67,0,否
C0399,11.37,322,32,3,0.57,0.111,0.075,2,是
C0400,18.52,144,10,11,0.61,0.083,0.051,4,否
C0401,12.26,522,26,4,0.64,0.113,0.292,4,否
C0402,23.48,255,4,11,0.06,0.081,0.025,5,是
C0403,17.44,248,4,6,0.4,0.074,0.226,2,是
C0404,25.68,92,22,16,0.79,0.263,0.614,2,是
C0405,25.0,218,14,1,0.32,0.045,0.242,4,否
C0406,5.98,76,19,3,0.03,0.035,0.153,0,是
C0407,21.09,496,23,23,0.07,0.425,0.743,1,是
C0408,12.81,12,16,7,0.46,0.133,0.244,4,是
C0409,16.93,75,24,13,0.43,0.002,0.397,3,是
C0410,22.75,44,24,6,0.11,0.249,0.294,5,是
C0411,66.71,453,16,18,0.73,0.282,0.036,4,是
C0412,10.69,178,15,3,0.26,0.13,0.149,5,否
C0413,13.28,99,5,9,0.73,0.088,0.02,2,是
C0414,6.3,103,4,9,0.54,0.039,0.113,3,否
C0415,46.64,143,2,15,0.53,0.141,0.014,0,是
C0416,2.31,247,28,8,0.43,0.139,0.255,1,否
C0417,4.91,182,2,8,0.54,0.1,0.087,2,是
C0418,70.26,367,30,41,0.84,0.419,0.321,5,否
C0419,27.98,183,8,13,0.82,0.089,0.372,3,否
C0420,19.05,148,11,12,0.47,0.142,0.223,4,是
C0421,8.6,32,22,18,0.53,0.175,0.292,5,是
C0422,59.04,189,39,20,0.17,0.219,0.619,0,否
C0423,0.43,86,24,9,0.48,0.137,0.079,2,是
C0424,23.7,205,6,6,0.45,0.131,0.157,3,是
C0425,5.98,451,15,24,0.03,0.19,0.246,3,是
C0426,37.22,240,12,15,0.89,0.118,0.259,2,否
C0427,27.67,367,0,18,0.72,0.158,0.416,5,是
C0428,40.0,185,23,14,0.04,0.076,0.269,3,否
C0429,17.56,59,25,5,0.08,0.124,0.094,4,是
C0430,22.64,121,23,0,0.69,0.1,0.059,5,否
C0431,0.96,308,5,2,0.52,0.189,0.038,1,是
C0432,25.58,123,9,2,0.58,0.047,0.036,5,否
C0433,1.27,17,22,8,0.3,0.08,0.03,4,是
C0434,3.08,206,3,33,0.12,0.076,0.332,3,是
C0435,97.82,867,79,45,0.71,0.268,0.409,3,是
C0436,65.88,54,15,26,0.31,0.259,0.289,1,是
C0437,25.43,495,46,1,0.63,0.226,0.392,3,是
C0438,11.0,247,9,7,0.6,0.013,0.1,3,否
C0439,25.86,457,64,9,0.32,0.427,0.125,3,否
C0440,7.38,247,21,9,0.04,0.02,0.152,1,否
C0441,52.51,428,1,48,0.14,0.321,1.077,5,否
C0442,44.26,324,27,16,0.16,0.044,0.872,2,是
C0443,58.82,424,31,2,0.03,0.038,0.719,3,否
C0444,68.54,196,37,30,0.78,0.343,0.324,2,是
C0445,46.82,398,5,0,0.17,0.134,0.001,3,是
C0446,0.25,39,15,6,0.19,0.02,0.257,0,否
C0447,30.42,280,13,11,0.1,0.181,0.11,2,是
C0448,44.48,239,20,14,0.72,0.1,0.193,5,是
C0449,17.09,46,16,8,0.69,0.042,0.184,3,否
C0450,41.82,312,17,2,0.77,0.057,0.399,2,否
C0451,14.66,460,12,25,0.24,0.106,0.693,3,是
C0452,23.67,196,12,13,0.75,0.041,0.216,0,是
C0453,21.96,133,44,19,0.68,0.324,0.365,1,否
C0454,47.86,696,39,54,0.46,0.395,0.232,2,否
C0455,48.55,772,28,5,0.21,0.005,0.013,0,否
C0456,20.84,768,72,48,0.38,0.013,0.589,3,是
C0457,16.74,326,8,0,0.83,0.016,0.407,1,是
C0458,66.01,675,73,19,0.41,0.072,0.29,2,是
C0459,1.42,440,52,18,0.62,0.302,0.196,4,是
C0460,4.79,97,24,3,0.76,0.096,0.018,3,否
C0461,4.74,263,7,3,0.68,0.131,0.223,4,否
C0462,10.87,244,19,32,0.84,0.146,0.132,2,是
C0463,29.76,218,9,12,0.13,0.043,0.08,5,是
C0464,8.27,44,4,13,0.75,0.012,0.092,3,否
C0465,7.14,240,15,1,0.43,0.054,0.288,5,是
C0466,1.68,240,4,12,0.03,0.089,0.234,1,否
C0467,42.88,173,36,3,0.06,0.086,0.196,4,是
C0468,0.72,291,36,22,0.28,0.022,0.356,1,否
C0469,45.86,234,0,0,0.72,0.052,0.222,1,是
C0470,19.63,46,5,1,0.1,0.081,0.114,0,否
C0471,26.54,170,12,7,0.13,0.018,0.241,2,否
C0472,41.77,294,39,6,0.67,0.19,0.479,0,是
C0473,59.09,896,7,27,0.75,0.246,0.331,3,是
C0474,29.5,39,7,12,0.27,0.129,0.279,1,是
C0475,17.31,41,32,9,0.01,0.082,0.103,4,否
C0476,22.66,38,23,14,0.84,0.11,0.175,2,否
C0477,23.94,123,5,6,0.56,0.031,0.055,5,否
C0478,22.74,144,9,18,0.37,0.235,0.434,2,是
C0479,69.88,421,9,9,0.85,0.298,0.259,4,否
C0480,3.36,11,4,1,0.1,0.1,0.096,4,是
C0481,8.2,180,27,22,0.36,0.182,0.137,4,否
C0482,7.66,144,13,12,0.79,0.147,0.202,1,是
C0483,22.25,28,0,12,0.47,0.075,0.124,4,是
C0484,31.56,409,42,2,0.88,0.039,0.023,2,是
C0485,2.57,79,1,0,0.36,0.111,0.229,1,否
C0486,18.24,189,20,2,0.75,0.118,0.294,2,否
C0487,24.47,114,22,24,0.86,0.121,0.056,4,否
C0488,34.4,406,19,7,0.64,0.005,0.071,1,是
C0489,80.3,460,77,54,0.67,0.468,0.388,2,是
C0490,26.36,197,6,0,0.05,0.003,0.156,1,否
C0491,53.55,253,34,8,0.53,0.22,0.002,4,是
C0492,5.82,52,20,20,0.0,0.139,0.411,0,否
C0493,27.25,307,32,3,0.74,0.033,0.237,3,否
C0494,53.28,385,2,14,0.01,0.286,0.243,4,是
C0495,101.82,806,63,23,0.43,0.139,0.265,0,是
C0496,99.51,759,66,28,0.25,0.118,0.469,0,是
C0497,45.75,37,4,12,0.79,0.076,0.318,4,否
C0498,33.33,138,25,3,0.68,0.231,0.148,0,是
C0499,45.79,500,50,0,0.06,0.073,0.549,2,否
C0500,12.33,116,10,6,0.85,0.091,0.075,4,否
C0501,41.44,180,22,3,0.64,0.023,0.264,2,是
C0502,38.89,292,39,13,0.82,0.165,0.073,1,是
C0503,36.96,372,58,10,0.87,0.054,0.641,1,是
C0504,15.93,130,2,7,0.24,0.049,0.041,1,否
C0505,19.12,51,13,4,0.14,0.14,0.103,3,是
C0506,0.91,88,18,34,0.09,0.417,1.026,4,否
C0507,3.22,32,21,6,0.84,0.094,0.236,2,否
C0508,27.09,120,33,21,0.8,0.027,0.015,3,是
C0509,6.57,70,13,6,0.02,0.013,0.168,4,是
C0510,13.75,10,2,11,0.79,0.136,0.06,1,否
C0511,2.06,25,4,0,0.59,0.04,0.16,2,是
C0512,14.93,112,13,12,0.29,0.143,0.232,5,否
C0513,22.47,451,2,33,0.27,0.064,0.104,3,否
C0514,29.63,220,20,4,0.34,0.145,0.032,0,否
C0515,25.55,345,55,41,0.67,0.338,0.221,5,否
C0516,23.61,64,12,5,0.31,0.231,0.04,3,是
C0517,7.83,133,38,2,0.67,0.03,0.22,1,否
C0518,21.75,4,25,9,0.76,0.169,0.186,2,否
C0519,45.73,354,6,6,0.89,0.23,0.298,3,否
C0520,61.37,277,38,32,0.76,0.284,0.211,3,是
C0521,19.87,150,1,10,0.19,0.002,0.124,0,否
C0522,24.03,201,15,3,0.11,0.075,0.131,1,否
C0523,3.86,451,31,33,0.67,0.136,0.11,0,是
C0524,9.38,736,72,23,0.76,0.326,0.811,1,否
C0525,18.49,488,13,0,0.87,0.238,0.199,2,是
C0526,36.79,44,33,17,0.55,0.186,0.262,0,是
C0527,33.38,7,50,15,0.21,0.081,0.488,2,是
C0528,34.75,220,26,6,0.53,0.101,0.011,3,否
C0529,12.46,320,0,8,0.76,0.196,0.477,1,是
C0530,4.83,227,11,4,0.18,0.112,0.025,5,是
C0531,11.86,16,5,17,0.36,0.075,0.357,4,否
C0532,0.13,244,7,7,0.13,0.107,0.193,4,否
C0533,1.59,17,6,2,0.06,0.105,0.032,3,是
C0534,5.77,501,20,1,0.84,0.076,0.662,3,是
C0535,7.22,194,22,7,0.67,0.088,0.14,5,否
C0536,1.37,194,3,14,0.57,0.058,0.278,2,是
C0537,21.65,68,3,9,0.58,0.127,0.191,4,否
C0538,93.67,856,0,36,0.11,0.111,0.473,1,否
C0539,25.45,292,5,0,0.43,0.04,0.254,3,是
C0540,22.64,323,23,15,0.68,0.172,0.225,3,是
C0541,30.73,344,52,19,0.1,0.222,0.703,1,是
C0542,64.35,421,45,33,0.68,0.228,0.277,3,否
C0543,23.25,139,6,7,0.3,0.034,0.134,3,是
C0544,64.78,9,13,30,0.26,0.005,0.52,4,否
C0545,56.48,291,38,1,0.01,0.234,0.482,2,是
C0546,57.48,88,15,33,0.36,0.067,0.699,0,否
C0547,17.55,204,12,9,0.6,0.057,0.106,3,否
C0548,28.69,295,1,14,0.72,0.246,0.257,3,是
C0549,11.8,352,18,17,0.67,0.211,0.068,2,是
C0550,22.07,217,13,14,0.27,0.022,0.022,3,是
C0551,10.44,152,1,24,0.86,0.156,0.368,1,否
C0552,25.46,182,23,11,0.1,0.081,0.067,1,否
C0553,16.25,77,16,1,0.2,0.002,0.274,5,否
C0554,43.25,502,4,31,0.01,0.309,0.034,0,否
C0555,27.35,99,15,11,0.33,0.121,0.165,3,否
C0556,19.41,328,12,5,0.6,0.225,0.414,1,否
C0557,26.4,41,0,8,0.02,0.028,0.365,3,否
C0558,7.79,42,15,8,0.74,0.088,0.127,0,否
C0559,51.03,516,37,18,0.67,0.494,0.12,4,是
C0560,27.17,234,15,5,0.73,0.02,0.178,4,否
C0561,15.2,89,11,4,0.14,0.128,0.192,5,否
C0562,4.82,190,12,0,0.14,0.118,0.131,5,否
C0563,23.15,110,24,7,0.42,0.006,0.019,0,是
C0564,13.82,18,16,7,0.11,0.058,0.079,5,否
C0565,38.27,399,57,8,0.43,0.26,0.156,3,否
C0566,33.14,217,59,0,0.7,0.48,0.32,0,否
C0567,15.1,85,22,7,0.6,0.057,0.049,1,否
C0568,18.69,466,30,25,0.48,0.353,0.643,1,否
C0569,71.79,280,31,15,0.23,0.004,0.47,3,是
C0570,10.35,586,4,32,0.75,0.074,0.244,5,否
C0571,22.84,287,6,8,0.54,0.052,0.254,5,否
C0572,18.22,106,21,11,0.03,0.039,0.276,4,否
C0573,17.74,62,5,0,0.62,0.117,0.233,2,是
C0574,24.97,21,51,19,0.85,0.217,0.104,1,否
C0575,53.44,592,24,22,0.77,0.154,0.185,0,否
C0576,5.76,170,23,5,0.37,0.009,0.142,4,否
C0577,23.99,142,17,6,0.14,0.204,0.282,0,是
C0578,89.77,493,28,7,0.76,0.258,0.929,5,是
C0579,32.79,132,13,1,0.64,0.063,0.463,3,是
C0580,11.49,77,52,46,0.33,0.479,0.46,0,否
C0581,7.68,106,3,28,0.27,0.222,0.391,0,否
C0582,12.87,229,20,14,0.5,0.008,0.084,0,否
C0583,45.86,7,10,14,0.77,0.043,0.014,1,否
C0584,71.63,355,60,20,0.01,0.359,0.641,1,否
C0585,8.06,214,2,0,0.38,0.004,0.021,3,是
C0586,44.24,333,4,9,0.83,0.107,0.374,2,是
C0587,67.78,184,44,7,0.19,0.149,0.33,2,否
C0588,11.3,59,3,13,0.73,0.024,0.084,3,否
C0589,70.48,567,42,0,0.49,0.345,0.023,3,否
C0590,12.49,68,17,15,0.66,0.196,0.264,0,是
C0591,79.72,216,14,25,0.63,0.535,0.533,4,是
C0592,4.8,149,3,13,0.35,0.052,0.014,4,否
C0593,1.78,215,13,11,0.38,0.059,0.099,1,否
C0594,41.42,230,32,7,0.32,0.049,0.235,4,否
C0595,0.7,187,0,8,0.77,0.065,0.245,3,否
C0596,71.55,468,31,32,0.78,0.061,0.393,5,是
C0597,40.68,523,12,22,0.04,0.067,0.056,2,否
C0598,26.46,63,19,0,0.25,0.081,0.274,4,是
C0599,8.32,68,17,24,0.17,0.05,0.003,1,是
C0600,17.16,20,7,20,0.34,0.156,0.159,0,是
C0601,29.67,302,11,8,0.26,0.191,0.328,0,是
C0602,92.37,543,57,46,0.5,0.303,0.751,1,是
C0603,54.36,156,14,33,0.15,0.306,0.284,1,否
C0604,9.52,504,40,0,0.31,0.269,0.388,5,是
C0605,8.82,516,60,9,0.68,0.033,0.633,0,否
C0606,37.44,311,30,9,0.28,0.21,0.289,1,是
C0607,12.73,232,55,21,0.18,0.26,0.334,2,否
C0608,11.52,562,0,14,0.16,0.279,0.193,0,是
C0609,64.92,216,46,30,0.09,0.048,0.285,0,是
C0610,7.19,234,16,27,0.36,0.34,0.616,2,否
C0611,9.56,173,16,10,0.83,0.038,0.031,1,是
C0612,64.11,266,8,16,0.73,0.082,0.003,4,是
C0613,19.8,227,17,14,0.24,0.131,0.081,1,是
C0614,21.15,18,11,11,0.21,0.05,0.003,0,否
C0615,6.3,200,4,1,0.52,0.016,0.071,0,否
C0616,52.39,552,52,36,0.13,0.252,1.052,2,否
C0617,61.92,99,6,19,0.49,0.255,0.183,5,否
C0618,50.43,337,60,3,0.53,0.265,0.698,2,否
C0619,35.47,270,37,24,0.34,0.207,0.692,1,是
C0620,28.27,232,21,8,0.09,0.209,0.453,1,否
C0621,50.47,507,75,16,0.86,0.148,0.954,2,否
C0622,35.29,220,9,20,0.66,0.041,0.372,5,否
C0623,34.11,199,6,9,0.71,0.004,0.244,3,否
C0624,3.76,152,24,2,0.33,0.139,0.259,5,否
C0625,53.07,55,60,21,0.35,0.2,0.124,2,是
C0626,54.36,333,13,13,0.66,0.239,0.458,1,否
C0627,21.47,229,20,4,0.53,0.06,0.087,0,是
C0628,25.53,45,25,2,0.22,0.041,0.086,4,是
C0629,42.77,489,0,22,0.63,0.15,0.123,5,否
C0630,1.19,107,12,0,0.24,0.125,0.103,0,否
C0631,30.98,118,4,18,0.75,0.233,0.014,1,是
C0632,5.39,709,9,32,0.2,0.2,0.217,4,是
C0633,6.45,125,23,1,0.08,0.142,0.184,0,是
C0634,12.6,7,16,2,0.42,0.099,0.096,2,否
C0635,7.98,426,56,15,0.75,0.02,0.702,1,否
C0636,20.26,440,39,26,0.85,0.004,0.412,1,否
C0637,8.33,114,21,1,0.4,0.102,0.07,1,是
C0638,22.2,808,21,45,0.37,0.007,1.012,4,否
C0639,8.49,26,13,4,0.12,0.03,0.03,2,否
C0640,43.2,121,5,23,0.67,0.11,0.223,5,否
C0641,37.68,298,31,33,0.83,0.011,0.618,1,否
C0642,43.52,116,46,1,0.74,0.317,0.582,3,否
C0643,25.75,28,16,8,0.4,0.15,0.251,3,是
C0644,12.42,434,13,1,0.79,0.103,0.158,2,否
C0645,37.03,35,39,12,0.15,0.064,0.206,2,是
C0646,24.05,163,28,6,0.4,0.183,0.005,2,否
C0647,23.18,97,23,3,0.34,0.114,0.125,4,是
C0648,20.22,292,13,7,0.46,0.264,0.192,5,是
C0649,29.38,3,19,5,0.2,0.131,0.188,2,否
C0650,22.26,71,5,1,0.35,0.042,0.096,4,是
C0651,25.06,10,18,12,0.2,0.08,0.079,3,是
C0652,21.94,525,49,24,0.37,0.034,0.16,4,否
C0653,19.86,286,3,14,0.65,0.03,0.542,5,否
C0654,63.25,163,31,32,0.42,0.245,0.279,1,否
C0655,16.6,209,25,1,0.33,0.045,0.208,4,否
C0656,39.19,309,30,14,0.03,0.014,0.217,5,是
C0657,27.69,48,0,19,0.47,0.08,0.335,5,否
C0658,1.47,150,27,15,0.68,0.154,0.243,0,是
C0659,76.24,417,30,52,0.38,0.275,0.228,3,否
C0660,19.34,172,6,0,0.74,0.071,0.237,0,是
C0661,13.18,117,31,15,0.8,0.171,0.414,2,是
C0662,18.43,199,16,7,0.46,0.076,0.099,4,否
C0663,32.46,334,1,9,0.42,0.049,0.199,2,是
C0664,20.89,180,19,13,0.76,0.113,0.296,0,否
C0665,23.96,165,10,13,0.02,0.101,0.091,1,是
C0666,39.76,288,23,0,0.24,0.206,0.203,5,是
C0667,26.16,168,34,18,0.4,0.098,0.099,0,是
C0668,12.07,44,18,14,0.87,0.134,0.004,1,是
C0669,55.21,318,46,2,0.61,0.204,0.386,1,否
C0670,5.76,66,20,17,0.29,0.212,0.098,1,否
C0671,2.71,191,0,8,0.38,0.125,0.183,1,否
C0672,42.29,102,1,7,0.65,0.213,0.495,5,是
C0673,29.17,24,21,12,0.21,0.049,0.206,5,是
C0674,5.42,150,39,14,0.55,0.1,0.013,3,是
C0675,4.57,214,40,16,0.17,0.132,0.717,4,是
C0676,28.76,72,7,8,0.82,0.111,0.083,1,是
C0677,20.92,202,22,10,0.74,0.011,0.217,0,否
C0678,22.63,356,0,9,0.57,0.229,0.13,1,是
C0679,37.12,603,59,32,0.78,0.41,0.995,0,否
C0680,31.22,107,39,14,0.83,0.158,0.433,5,是
C0681,23.66,128,33,28,0.04,0.171,0.675,1,否
C0682,30.28,20,22,22,0.04,0.007,0.302,0,是
C0683,13.63,105,4,8,0.15,0.142,0.165,5,否
C0684,39.98,348,26,8,0.68,0.007,0.408,3,是
C0685,37.18,410,44,36,0.3,0.203,0.462,3,否
C0686,2.66,109,17,0,0.38,0.089,0.034,4,否
C0687,25.76,46,15,6,0.35,0.002,0.01,1,是
C0688,7.2,33,14,0,0.57,0.121,0.298,3,是
C0689,32.28,364,12,6,0.24,0.078,0.286,5,是
C0690,69.33,316,59,37,0.74,0.262,0.006,1,是
C0691,22.07,78,21,14,0.59,0.045,0.197,2,是
C0692,19.58,11,29,1,0.84,0.037,0.107,2,是
C0693,0.27,143,8,9,0.41,0.123,0.278,0,是
C0694,65.88,606,86,25,0.0,0.496,0.317,3,否
C0695,3.99,198,22,4,0.04,0.053,0.21,3,否
C0696,24.06,36,35,13,0.73,0.19,0.374,2,是
C0697,69.9,542,30,31,0.63,0.303,0.647,4,是
C0698,8.56,542,54,21,0.41,0.179,0.373,2,否
C0699,19.73,84,6,5,0.39,0.091,0.387,4,否
C0700,8.51,21,4,5,0.52,0.085,0.145,5,是
C0701,6.47,24,12,4,0.54,0.093,0.08,3,是
C0702,0.33,109,12,1,0.87,0.142,0.171,3,是
C0703,5.67,90,12,9,0.89,0.136,0.284,5,是
C0704,28.22,305,30,20,0.86,0.132,0.103,4,否
C0705,25.95,104,17,8,0.42,0.074,0.183,2,否
C0706,0.37,33,7,4,0.47,0.007,0.284,2,是
C0707,6.89,128,45,19,0.67,0.351,0.432,1,是
C0708,43.46,36,0,50,0.06,0.161,0.705,5,否
C0709,44.64,64,31,18,0.67,0.016,0.38,5,是
C0710,25.59,225,9,11,0.84,0.011,0.09,0,是
C0711,15.5,149,15,5,0.14,0.095,0.163,1,是
C0712,63.88,505,48,36,0.29,0.363,0.321,5,是
C0713,8.91,5,10,9,0.87,0.097,0.017,1,是
C0714,10.11,61,0,9,0.84,0.149,0.128,0,否
C0715,26.82,257,20,3,0.82,0.136,0.469,4,是
C0716,31.15,354,18,9,0.48,0.211,0.041,5,否
C0717,11.81,386,0,11,0.55,0.098,0.449,3,否
C0718,29.35,41,24,12,0.59,0.11,0.289,2,是
C0719,9.29,206,9,7,0.23,0.107,0.095,0,是
C0720,52.07,577,36,48,0.36,0.007,0.536,3,是
C0721,19.27,21,15,5,0.06,0.063,0.227,5,是
C0722,69.55,96,52,12,0.75,0.268,0.42,5,是
C0723,42.54,322,36,7,0.19,0.015,0.215,1,否
C0724,40.89,130,13,21,0.4,0.132,0.0,2,否
C0725,12.94,116,23,15,0.48,0.13,0.232,2,是
C0726,27.69,229,0,11,0.75,0.062,0.023,4,是
C0727,37.75,261,1,23,0.62,0.205,0.468,0,否
C0728,50.05,596,50,6,0.78,0.214,0.056,2,否
C0729,20.8,243,3,34,0.73,0.302,0.382,0,否
C0730,10.39,192,2,11,0.66,0.014,0.269,3,否
C0731,8.14,207,19,6,0.6,0.037,0.2,3,是
C0732,69.83,765,54,0,0.05,0.006,0.265,0,否
C0733,22.96,196,8,20,0.25,0.007,0.548,4,是
C0734,12.83,499,40,0,0.61,0.212,0.283,1,是
C0735,7.16,97,17,8,0.36,0.142,0.189,5,是
C0736,31.68,222,27,0,0.14,0.077,0.292,2,是
C0737,69.9,240,21,26,0.39,0.216,0.624,5,是
C0738,24.66,261,9,7,0.05,0.068,0.71,2,否
C0739,40.8,209,25,22,0.05,0.184,0.207,0,否
C0740,29.77,13,19,2,0.04,0.102,0.035,5,是
C0741,25.96,300,35,16,0.8,0.068,0.107,0,是
C0742,20.42,235,4,12,0.35,0.015,0.101,2,否
C0743,26.92,144,8,20,0.36,0.045,0.057,4,否
C0744,3.49,426,77,37,0.89,0.079,0.339,4,否
C0745,32.55,198,24,24,0.25,0.171,0.142,5,是
C0746,62.18,422,51,28,0.12,0.231,0.142,3,是
C0747,8.68,193,2,13,0.56,0.051,0.073,2,否
C0748,63.1,303,28,15,0.12,0.147,0.179,5,否
C0749,99.67,343,25,0,0.12,0.208,0.799,2,是
C0750,3.89,126,17,14,0.4,0.032,0.116,3,是
C0751,9.92,210,1,6,0.21,0.059,0.072,0,否
C0752,2.11,303,26,22,0.58,0.155,0.206,0,是
C0753,0.33,57,18,0,0.53,0.148,0.018,5,是
C0754,46.01,93,27,4,0.02,0.094,0.114,1,否
C0755,81.75,532,52,39,0.54,0.125,0.121,5,是
C0756,46.52,20,2,15,0.64,0.103,0.064,3,否
C0757,27.52,245,15,14,0.27,0.048,0.243,5,是
C0758,2.1,120,37,13,0.87,0.068,0.137,2,是
C0759,36.99,81,42,0,0.57,0.043,0.395,3,否
C0760,18.88,138,6,4,0.8,0.127,0.229,3,否
C0761,7.53,72,30,20,0.62,0.036,0.237,3,是
C0762,15.12,170,19,0,0.21,0.195,0.049,3,是
C0763,14.86,176,0,11,0.01,0.108,0.307,3,否
C0764,0.48,52,11,12,0.89,0.055,0.11,0,否
C0765,68.75,423,0,2,0.4,0.245,0.457,0,否
C0766,14.91,26,10,6,0.05,0.079,0.172,2,是
C0767,5.38,79,2,3,0.22,0.049,0.133,2,是
C0768,51.1,600,19,27,0.67,0.077,0.49,2,否
C0769,42.01,201,55,16,0.11,0.336,0.058,5,否
C0770,13.04,192,9,13,0.65,0.087,0.129,3,是
C0771,16.61,52,10,11,0.55,0.04,0.201,3,否
C0772,16.41,4,11,10,0.42,0.116,0.291,5,否
C0773,25.43,207,23,1,0.49,0.037,0.002,5,是
C0774,16.91,44,0,9,0.32,0.073,0.065,1,否
C0775,6.38,177,4,3,0.51,0.129,0.087,0,是
C0776,41.69,380,6,8,0.22,0.039,0.189,3,否
C0777,44.45,369,49,6,0.23,0.158,0.661,4,是
C0778,10.74,222,16,16,0.13,0.033,0.329,0,是
C0779,18.1,6,4,15,0.56,0.082,0.575,4,否
C0780,8.8,56,9,7,0.59,0.091,0.158,4,是
C0781,86.37,453,37,46,0.29,0.045,0.91,5,否
C0782,9.13,244,3,34,0.83,0.116,0.409,4,是
C0783,14.53,595,16,3,0.03,0.258,0.283,2,是
C0784,15.37,100,13,28,0.68,0.357,0.522,1,是
C0785,53.22,439,52,10,0.18,0.041,0.958,4,是
C0786,45.84,168,15,18,0.43,0.222,0.213,1,否
C0787,1.57,99,1,5,0.55,0.025,0.151,2,是
C0788,30.25,38,36,20,0.03,0.114,0.34,5,是
C0789,9.52,309,20,0,0.61,0.313,0.341,2,是
C0790,30.82,264,9,13,0.51,0.001,0.667,1,是
C0791,40.45,104,36,9,0.17,0.122,0.471,5,否
C0792,26.49,206,8,15,0.37,0.011,0.172,2,否
C0793,28.56,268,29,4,0.09,0.222,0.471,5,否
C0794,80.84,781,61,39,0.25,0.539,0.853,2,否
C0795,1.65,306,31,22,0.28,0.075,0.416,4,是
C0796,6.86,174,39,21,0.39,0.052,0.063,1,否
C0797,26.8,28,4,1,0.14,0.082,0.211,4,是
C0798,31.71,376,4,8,0.55,0.135,0.163,2,是
C0799,0.29,50,13,25,0.41,0.267,0.711,1,是
C0800,65.49,507,44,19,0.63,0.11,0.358,1,是
C0801,24.55,445,34,27,0.45,0.177,0.61,4,是
C0802,43.63,56,10,11,0.47,0.131,0.232,2,否
C0803,3.23,217,2,9,0.63,0.237,0.096,5,否
C0804,17.27,97,12,4,0.42,0.147,0.18,2,否
C0805,1.76,422,24,19,0.39,0.16,0.194,3,是
C0806,42.41,225,12,0,0.77,0.206,0.213,1,否
C0807,38.59,24,27,0,0.52,0.034,0.04,3,是
C0808,0.36,175,16,8,0.81,0.176,0.329,3,否
C0809,35.7,621,59,54,0.36,0.177,0.819,3,否
C0810,3.0,249,5,4,0.42,0.041,0.002,3,否
C0811,24.31,488,31,30,0.48,0.048,0.492,2,是
C0812,12.44,92,8,5,0.1,0.026,0.077,2,否
C0813,3.3,213,29,15,0.43,0.071,0.069,1,是
C0814,15.88,236,17,6,0.02,0.116,0.251,3,是
C0815,21.91,118,0,15,0.22,0.029,0.265,2,否
C0816,7.39,90,25,16,0.37,0.042,0.383,2,是
C0817,16.22,190,17,3,0.03,0.091,0.262,5,是
C0818,10.2,277,29,0,0.53,0.104,0.032,4,否
C0819,64.41,808,64,50,0.44,0.454,0.364,1,否
C0820,3.29,95,12,9,0.24,0.002,0.095,0,否
C0821,14.73,468,58,14,0.68,0.177,0.711,0,否
C0822,23.92,265,11,14,0.23,0.005,0.162,5,是
C0823,10.11,271,0,6,0.65,0.09,0.106,0,是
C0824,29.08,93,16,9,0.88,0.021,0.156,4,是
C0825,14.06,218,9,2,0.04,0.014,0.223,5,否
C0826,14.13,138,13,7,0.33,0.055,0.285,5,否
C0827,2.0,232,13,11,0.24,0.136,0.157,1,是
C0828,0.11,136,24,11,0.12,0.091,0.236,4,否
C0829,50.14,500,20,3,0.51,0.057,0.466,1,是
C0830,69.92,268,1,27,0.58,0.26,0.271,4,否
C0831,11.93,264,36,10,0.84,0.076,0.612,3,是
C0832,50.39,241,30,6,0.76,0.077,0.696,5,是
C0833,11.15,210,16,14,0.8,0.115,0.141,4,是
C0834,8.85,40,12,13,0.33,0.051,0.094,4,是
C0835,28.01,240,4,3,0.12,0.109,0.066,3,是
C0836,13.51,131,18,0,0.88,0.133,0.068,5,是
C0837,1.72,336,40,19,0.88,0.076,0.131,5,否
C0838,2.67,367,28,6,0.73,0.236,0.279,5,否
C0839,3.39,328,22,10,0.45,0.075,0.285,0,是
C0840,40.46,310,10,11,0.46,0.085,0.031,3,是
C0841,40.16,190,27,19,0.89,0.274,0.452,1,否
C0842,59.53,134,38,9,0.5,0.16,0.148,0,是
C0843,28.78,177,15,6,0.07,0.036,0.12,0,是
C0844,12.37,590,90,37,0.54,0.341,0.36,0,是
C0845,16.71,531,73,45,0.49,0.348,0.915,0,是
C0846,24.46,9,20,13,0.44,0.137,0.116,4,是
C0847,41.91,23,23,14,0.12,0.115,0.07,4,是
C0848,18.61,252,11,5,0.25,0.17,0.318,3,否
C0849,65.61,426,3,12,0.64,0.024,0.53,3,否
C0850,62.08,486,55,32,0.2,0.351,0.244,5,否
C0851,0.4,127,14,3,0.67,0.115,0.252,5,是
C0852,4.81,138,16,16,0.04,0.203,0.153,5,是
C0853,17.16,267,4,12,0.43,0.145,0.421,1,否
C0854,34.12,118,12,0,0.28,0.236,0.258,0,是
C0855,9.34,81,15,15,0.05,0.138,0.031,1,是
C0856,70.4,493,24,32,0.04,0.144,0.713,0,否
C0857,45.2,247,58,20,0.54,0.268,0.42,3,否
C0858,44.49,336,3,32,0.79,0.084,0.701,5,否
C0859,25.72,320,21,9,0.37,0.17,0.583,0,是
C0860,59.0,265,55,32,0.38,0.107,0.016,3,是
C0861,45.01,254,16,12,0.2,0.12,0.318,0,否
C0862,27.95,208,18,11,0.64,0.038,0.437,5,是
C0863,19.88,62,3,8,0.35,0.084,0.223,5,是
C0864,9.84,514,6,12,0.5,0.332,0.477,5,是
C0865,29.88,60,7,2,0.27,0.056,0.298,2,是
C0866,39.6,390,56,9,0.48,0.21,0.574,0,否
C0867,27.31,79,9,12,0.35,0.071,0.076,1,是
C0868,10.36,164,18,5,0.49,0.098,0.276,3,否
C0869,22.22,238,19,1,0.38,0.066,0.101,1,是
C0870,2.31,172,3,6,0.51,0.011,0.25,2,是
C0871,16.41,474,22,31,0.25,0.173,0.503,0,否
C0872,58.85,130,52,18,0.73,0.104,0.53,1,是
C0873,25.73,121,33,16,0.9,0.233,0.37,0,是
C0874,12.74,220,20,5,0.87,0.112,0.173,5,否
C0875,21.21,50,3,8,0.8,0.062,0.136,0,否
C0876,29.7,108,13,15,0.07,0.021,0.094,3,是
C0877,8.34,210,1,2,0.71,0.126,0.04,5,是
C0878,19.34,367,40,1,0.07,0.356,0.522,3,是
C0879,26.73,127,11,9,0.67,0.014,0.259,4,是
C0880,15.72,264,15,6,0.73,0.029,0.141,4,是
C0881,6.34,201,11,1,0.41,0.128,0.272,3,否
C0882,4.2,209,12,13,0.05,0.082,0.074,1,否
C0883,10.47,236,29,20,0.68,0.176,0.309,4,否
C0884,17.09,314,8,16,0.16,0.164,0.18,2,是
C0885,8.96,14,0,3,0.83,0.145,0.276,4,否
C0886,0.07,48,23,12,0.3,0.01,0.217,1,否
C0887,37.42,382,34,6,0.79,0.096,0.068,4,是
C0888,17.18,79,15,12,0.22,0.035,0.076,2,否
C0889,11.34,191,22,1,0.34,0.072,0.174,1,是
C0890,38.62,113,28,39,0.7,0.247,0.558,4,否
C0891,10.26,58,35,0,0.26,0.14,0.137,3,否
C0892,31.23,177,4,12,0.17,0.168,0.386,4,是
C0893,2.87,300,35,13,0.43,0.058,0.15,4,是
C0894,15.58,388,3,6,0.21,0.116,0.198,5,是
C0895,45.37,9,24,20,0.49,0.132,0.047,4,否
C0896,45.42,201,32,10,0.12,0.274,0.604,3,是
C0897,10.28,268,44,25,0.18,0.333,0.519,2,否
C0898,5.38,192,6,0,0.36,0.008,0.059,1,否
C0899,41.97,268,35,24,0.3,0.167,0.324,1,是
C0900,13.84,42,4,7,0.71,0.007,0.196,0,是
C0901,22.68,163,24,27,0.53,0.051,0.069,3,否
C0902,42.86,88,37,12,0.13,0.033,0.066,0,是
C0903,47.58,98,29,3,0.17,0.042,0.179,1,是
C0904,2.87,172,23,9,0.68,0.128,0.034,1,否
C0905,25.64,89,11,14,0.09,0.055,0.084,1,否
C0906,28.66,32,25,3,0.14,0.11,0.076,3,否
C0907,10.0,57,9,2,0.45,0.045,0.241,4,否
C0908,12.85,3,5,4,0.53,0.065,0.058,1,是
C0909,52.54,363,26,8,0.39,0.163,0.482,5,是
C0910,8.3,149,17,10,0.56,0.027,0.142,1,否
C0911,19.43,320,4,8,0.62,0.239,0.471,3,否
C0912,58.61,351,4,9,0.44,0.323,0.692,2,是
C0913,26.17,133,1,9,0.82,0.062,0.032,3,否
C0914,10.52,169,29,17,0.33,0.069,0.212,2,否
C0915,20.85,133,33,5,0.3,0.135,0.335,5,否
C0916,3.82,164,24,9,0.5,0.051,0.075,2,是
C0917,63.17,440,57,14,0.44,0.213,0.214,2,否
C0918,2.45,166,14,13,0.58,0.14,0.285,5,是
C0919,15.55,90,33,7,0.37,0.079,0.36,1,是
C0920,19.82,44,20,18,0.48,0.071,0.226,5,是
C0921,29.56,312,38,13,0.71,0.019,0.046,1,是
C0922,7.31,556,60,19,0.59,0.25,0.064,1,是
C0923,14.91,55,15,2,0.34,0.071,0.05,0,是
C0924,8.22,159,13,13,0.43,0.083,0.213,4,是
C0925,27.84,174,43,7,0.11,0.353,0.705,3,是
C0926,28.42,125,40,19,0.4,0.044,0.308,1,是
C0927,27.98,436,21,13,0.68,0.074,0.587,4,是
C0928,33.12,465,44,32,0.73,0.227,0.216,1,否
C0929,59.09,166,38,32,0.6,0.358,0.079,5,否
C0930,33.72,160,36,7,0.51,0.021,0.197,5,是
C0931,12.35,230,17,3,0.2,0.033,0.033,0,否
C0932,7.74,220,60,28,0.51,0.041,0.559,1,否
C0933,35.11,17,38,19,0.07,0.054,0.131,2,是
C0934,14.29,172,13,13,0.43,0.12,0.287,2,是
C0935,20.26,512,43,20,0.72,0.096,0.524,0,否
C0936,35.54,138,2,2,0.89,0.327,0.066,3,是
C0937,46.82,240,32,17,0.53,0.158,0.37,0,否
C0938,19.68,238,5,14,0.82,0.023,0.169,3,否
C0939,44.44,168,27,0,0.67,0.017,0.298,0,是
C0940,21.02,80,58,7,0.23,0.322,0.673,2,否
C0941,95.92,63,23,18,0.18,0.23,0.751,4,是
C0942,14.57,242,18,1,0.18,0.082,0.018,2,否
C0943,2.97,182,2,12,0.45,0.03,0.041,5,是
C0944,41.97,195,1,4,0.27,0.167,0.625,1,是
C0945,13.89,52,6,20,0.48,0.204,0.144,1,否
C0946,44.83,34,39,23,0.55,0.233,0.229,4,否
C0947,53.01,279,48,10,0.54,0.129,0.852,0,是
C0948,27.54,130,9,9,0.87,0.099,0.114,4,否
C0949,8.13,266,7,2,0.31,0.21,0.037,1,是
C0950,27.6,58,10,0,0.37,0.1,0.29,1,否
C0951,3.19,228,12,20,0.31,0.04,0.155,5,否
C0952,53.25,554,4,0,0.13,0.131,0.35,0,否
C0953,28.02,248,36,15,0.25,0.126,0.437,3,否
C0954,65.29,475,64,54,0.54,0.53,0.033,0,否
C0955,20.77,146,33,23,0.36,0.088,0.374,2,是
C0956,25.55,49,14,10,0.65,0.068,0.117,1,否
C0957,12.15,9,8,6,0.79,0.071,0.199,0,否
C0958,41.23,271,13,2,0.75,0.001,0.393,4,否
C0959,41.34,110,1,20,0.63,0.107,0.388,0,是
C0960,29.05,210,13,6,0.49,0.009,0.082,0,否
C0961,6.51,61,0,12,0.37,0.046,0.346,0,否
C0962,41.77,273,8,3,0.21,0.133,0.087,4,是
C0963,20.44,334,20,18,0.29,0.056,0.139,4,否
C0964,2.3,172,6,1,0.65,0.2,0.326,0,是
C0965,26.86,486,7,26,0.1,0.089,0.48,2,是
C0966,9.56,202,14,14,0.13,0.115,0.159,1,是
C0967,23.75,114,9,1,0.58,0.14,0.108,3,是
C0968,43.11,290,39,8,0.03,0.334,0.012,0,是
C0969,42.96,45,31,7,0.82,0.171,0.158,2,是
C0970,18.4,225,24,2,0.71,0.077,0.272,5,否
C0971,20.73,346,31,30,0.41,0.264,0.453,4,是
C0972,12.62,399,38,25,0.5,0.22,0.016,1,否
C0973,23.89,377,28,16,0.64,0.006,0.478,3,是
C0974,20.03,27,7,13,0.59,0.109,0.216,2,是
C0975,59.19,253,45,21,0.01,0.293,0.398,2,否
C0976,37.64,246,28,7,0.63,0.005,0.365,1,是
C0977,60.06,375,32,21,0.57,0.248,0.259,1,否
C0978,1.06,46,55,1,0.35,0.151,0.173,3,否
C0979,26.73,554,2,2,0.36,0.052,0.298,1,否
C0980,31.87,32,15,14,0.81,0.014,0.172,5,是
C0981,15.36,52,15,11,0.36,0.092,0.192,3,否
C0982,19.39,288,58,31,0.45,0.327,0.233,0,否
C0983,32.41,102,37,3,0.81,0.042,0.145,0,是
C0984,19.72,284,54,4,0.28,0.259,0.246,3,是
C0985,9.83,89,10,7,0.25,0.144,0.278,3,是
C0986,25.02,146,12,0,0.15,0.025,0.136,1,是
C0987,15.96,93,46,30,0.3,0.216,0.258,1,是
C0988,23.2,336,9,19,0.35,0.017,0.015,1,否
C0989,42.37,842,79,34,0.54,0.239,0.107,2,是
C0990,43.22,514,9,0,0.27,0.147,0.39,1,是
C0991,17.24,102,29,4,0.81,0.092,0.101,0,否
C0992,15.93,82,26,28,0.03,0.078,0.604,4,是
C0993,36.01,190,40,28,0.84,0.129,0.133,0,否
C0994,4.57,243,2,2,0.52,0.154,0.102,4,是
C0995,23.49,203,4,15,0.06,0.014,0.01,5,否
C0996,12.91,98,4,2,0.76,0.056,0.215,2,否
C0997,3.07,306,18,8,0.87,0.074,0.349,4,是
C0998,16.34,181,60,28,0.31,0.289,0.156,5,是
C0999,2.49,101,20,10,0.42,0.137,0.16,0,否
C1000,9.94,76,14,11,0.26,0.037,0.004,5,是
