customer_id,purchase_frequency_change,recency_score,spending_trend,engagement_score,complaint_score,churn_risk_score,risk_level
C0001,28,55,30,43,77,66.7,重点关注
C0002,60,85,22,54,80,39.2,低风险
C0003,43,30,67,66,55,51.8,持续观察
C0004,44,71,25,50,75,45.0,持续观察
C0005,55,55,26,91,86,51.3,持续观察
C0006,27,50,63,95,76,37.9,低风险
C0007,78,43,80,21,60,32.7,低风险
C0008,54,40,73,98,50,43.5,持续观察
C0009,57,49,70,78,22,47.8,持续观察
C0010,51,91,67,82,57,33.6,低风险
C0011,70,83,80,94,72,24.0,低风险
C0012,47,58,59,36,71,50.1,持续观察
C0013,75,20,22,73,43,52.9,持续观察
C0014,27,61,49,40,45,47.3,持续观察
C0015,60,96,43,41,92,35.0,低风险
C0016,42,24,86,74,56,42.5,持续观察
C0017,73,31,21,48,67,57.2,持续观察
C0018,42,48,63,98,86,49.5,持续观察
C0019,51,22,59,40,60,58.4,持续观察
C0020,29,80,38,21,68,45.8,持续观察
C0021,54,70,82,61,47,30.0,低风险
C0022,82,55,43,71,51,27.3,低风险
C0023,86,94,69,57,90,27.4,低风险
C0024,55,21,39,22,90,53.2,持续观察
C0025,68,48,76,44,51,47.7,持续观察
C0026,65,60,69,96,57,23.6,低风险
C0027,46,48,77,81,39,52.8,持续观察
C0028,50,83,50,34,27,46.4,持续观察
C0029,53,77,56,89,87,36.6,低风险
C0030,95,29,23,29,45,57.8,持续观察
C0031,78,30,77,92,98,21.1,低风险
C0032,73,26,29,88,89,46.7,持续观察
C0033,85,96,82,63,67,9.9,低风险
C0034,49,80,55,60,88,45.5,持续观察
C0035,92,85,74,39,65,15.0,低风险
C0036,42,72,76,56,77,32.1,低风险
C0037,28,84,62,58,89,34.6,低风险
C0038,74,46,84,96,86,23.5,低风险
C0039,20,26,31,89,48,55.2,持续观察
C0040,75,84,81,27,29,26.3,低风险
C0041,58,77,43,62,90,38.4,低风险
C0042,37,44,21,29,84,66.0,重点关注
C0043,61,67,66,60,84,44.3,持续观察
C0044,92,23,75,23,36,51.6,持续观察
C0045,94,27,35,97,41,43.4,持续观察
C0046,84,87,53,23,33,25.7,低风险
C0047,94,79,96,43,25,25.9,低风险
C0048,52,23,37,40,49,70.4,重点关注
C0049,49,27,48,29,66,63.0,重点关注
C0050,24,35,73,65,39,65.8,重点关注
C0051,69,38,70,89,35,41.9,持续观察
C0052,84,20,33,99,87,35.6,低风险
C0053,29,53,77,63,53,47.9,持续观察
C0054,79,64,54,52,20,36.7,低风险
C0055,96,82,28,55,96,21.2,低风险
C0056,46,25,56,44,67,49.4,持续观察
C0057,91,55,31,32,27,41.2,持续观察
C0058,47,85,30,58,41,50.8,持续观察
C0059,64,97,46,98,87,16.9,低风险
C0060,71,27,62,57,53,52.7,持续观察
C0061,85,86,69,49,79,25.0,低风险
C0062,81,46,39,33,64,53.0,持续观察
C0063,95,53,32,69,56,29.9,低风险
C0064,96,47,66,87,42,21.0,低风险
C0065,79,50,27,20,43,45.1,持续观察
C0066,59,36,88,80,32,42.5,持续观察
C0067,34,74,90,22,88,51.2,持续观察
C0068,26,94,83,69,99,37.8,低风险
C0069,58,28,63,80,79,42.1,持续观察
C0070,70,76,31,55,57,49.8,持续观察
C0071,26,64,23,23,67,67.4,重点关注
C0072,31,25,59,62,45,59.8,持续观察
C0073,33,33,38,33,96,62.7,重点关注
C0074,53,50,73,86,20,39.1,低风险
C0075,58,73,20,26,23,59.2,持续观察
C0076,92,30,32,27,86,37.9,低风险
C0077,83,88,69,63,99,11.9,低风险
C0078,31,21,72,83,32,54.4,持续观察
C0079,53,36,61,26,58,47.2,持续观察
C0080,46,55,44,67,50,57.6,持续观察
C0081,41,22,63,81,43,52.2,持续观察
C0082,37,82,80,44,98,32.0,低风险
C0083,65,62,40,87,24,31.6,低风险
C0084,63,52,70,83,68,25.9,低风险
C0085,37,97,95,37,30,27.1,低风险
C0086,56,48,99,23,43,40.6,持续观察
C0087,26,42,71,36,64,59.7,持续观察
C0088,87,78,82,66,93,18.8,低风险
C0089,99,68,73,64,53,20.8,低风险
C0090,79,74,29,77,30,45.4,持续观察
C0091,67,94,78,22,76,36.9,低风险
C0092,70,47,27,31,48,60.4,重点关注
C0093,71,90,70,36,41,26.7,低风险
C0094,96,91,24,41,52,29.3,低风险
C0095,71,44,95,58,91,22.9,低风险
C0096,73,26,61,58,68,39.9,低风险
C0097,60,92,97,35,42,24.1,低风险
C0098,61,94,31,70,88,30.7,低风险
C0099,41,53,43,48,48,56.9,持续观察
C0100,58,41,64,97,25,43.5,持续观察
C0101,42,86,72,90,71,39.9,低风险
C0102,67,69,72,60,33,46.0,持续观察
C0103,52,67,36,76,36,51.4,持续观察
C0104,60,91,84,47,99,27.5,低风险
C0105,49,89,77,96,47,30.6,低风险
C0106,97,76,56,99,28,32.1,低风险
C0107,66,44,94,40,85,31.9,低风险
C0108,76,85,61,23,23,32.0,低风险
C0109,91,35,89,34,39,42.2,持续观察
C0110,76,77,98,72,60,28.6,低风险
C0111,81,60,59,65,55,31.7,低风险
C0112,76,70,42,26,25,37.9,低风险
C0113,87,40,42,37,84,46.6,持续观察
C0114,91,98,68,40,69,28.7,低风险
C0115,44,75,95,27,83,32.7,低风险
C0116,59,66,26,78,22,51.7,持续观察
C0117,36,62,56,39,56,54.0,持续观察
C0118,99,50,35,86,22,35.7,低风险
C0119,67,34,57,74,52,51.7,持续观察
C0120,58,67,59,81,78,26.1,低风险
C0121,34,81,48,37,34,51.0,持续观察
C0122,36,89,36,98,75,33.6,低风险
C0123,54,22,39,75,80,57.2,持续观察
C0124,52,57,44,41,87,40.5,持续观察
C0125,37,77,79,27,98,31.0,低风险
C0126,49,86,57,30,90,31.9,低风险
C0127,56,64,82,31,87,30.4,低风险
C0128,26,63,58,67,81,44.7,持续观察
C0129,93,27,83,82,86,17.9,低风险
C0130,99,85,40,46,42,31.9,低风险
C0131,47,90,51,54,33,42.8,持续观察
C0132,37,80,47,21,25,48.8,持续观察
C0133,66,36,31,27,52,58.8,持续观察
C0134,42,90,98,39,28,38.6,低风险
C0135,39,55,99,27,31,46.6,持续观察
C0136,50,87,42,82,70,30.6,低风险
C0137,33,99,34,87,22,46.3,持续观察
C0138,42,40,31,50,75,60.2,重点关注
C0139,21,65,23,51,65,55.7,持续观察
C0140,48,65,54,32,55,49.2,持续观察
C0141,69,35,80,45,32,36.6,低风险
C0142,92,41,46,48,32,36.6,低风险
C0143,78,25,52,37,77,51.7,持续观察
C0144,52,75,32,88,53,35.8,低风险
C0145,67,64,56,31,62,39.8,低风险
C0146,63,77,63,21,47,41.4,持续观察
C0147,31,47,21,61,75,59.1,持续观察
C0148,61,36,57,26,66,47.8,持续观察
C0149,54,55,56,66,54,40.6,持续观察
C0150,60,31,78,73,97,43.0,持续观察
C0151,74,69,88,34,38,35.0,低风险
C0152,32,78,37,77,70,47.0,持续观察
C0153,58,31,67,52,39,49.8,持续观察
C0154,85,81,85,86,48,21.5,低风险
C0155,54,59,68,82,91,43.1,持续观察
C0156,91,21,77,67,84,38.6,低风险
C0157,52,44,54,85,57,47.1,持续观察
C0158,55,93,97,84,68,19.5,低风险
C0159,32,50,95,55,47,52.0,持续观察
C0160,75,66,77,36,52,39.0,低风险
C0161,65,79,26,21,32,55.2,持续观察
C0162,92,92,28,52,63,28.7,低风险
C0163,65,60,88,25,71,45.0,持续观察
C0164,63,69,23,62,96,43.4,持续观察
C0165,65,42,51,30,95,40.8,持续观察
C0166,93,31,24,24,60,44.9,持续观察
C0167,88,90,75,49,68,20.0,低风险
C0168,50,41,75,29,26,60.8,重点关注
C0169,43,75,63,43,55,42.8,持续观察
C0170,51,35,91,78,45,42.6,持续观察
C0171,86,77,32,86,46,24.1,低风险
C0172,35,91,23,80,43,35.8,低风险
C0173,76,70,71,45,90,28.8,低风险
C0174,43,25,94,58,52,51.1,持续观察
C0175,53,21,34,22,37,75.0,重点关注
C0176,71,81,20,57,24,37.5,低风险
C0177,67,61,84,61,20,36.7,低风险
C0178,72,62,30,67,90,27.9,低风险
C0179,74,71,80,32,22,40.0,持续观察
C0180,57,77,82,75,55,38.5,低风险
C0181,21,39,57,78,54,49.4,持续观察
C0182,88,75,88,82,70,26.0,低风险
C0183,72,86,64,99,31,29.2,低风险
C0184,69,78,93,62,34,28.5,低风险
C0185,48,67,89,94,23,36.6,低风险
C0186,93,54,87,76,75,29.3,低风险
C0187,74,27,23,40,35,57.0,持续观察
C0188,80,95,90,73,25,13.8,低风险
C0189,69,51,67,98,82,24.2,低风险
C0190,35,64,28,72,42,43.9,持续观察
C0191,89,86,66,64,96,22.4,低风险
C0192,63,46,79,55,63,33.2,低风险
C0193,35,22,71,82,20,59.5,持续观察
C0194,47,76,52,20,76,48.9,持续观察
C0195,76,84,77,86,95,23.4,低风险
C0196,45,39,67,98,46,39.1,低风险
C0197,30,90,24,52,44,60.5,重点关注
C0198,20,60,46,51,81,51.0,持续观察
C0199,88,20,60,77,37,41.4,持续观察
C0200,62,93,20,45,99,27.5,低风险
C0201,65,95,70,80,49,34.8,低风险
C0202,55,23,35,36,49,64.4,重点关注
C0203,85,90,51,92,66,29.4,低风险
C0204,76,29,66,88,41,35.4,低风险
C0205,25,48,42,48,61,56.8,持续观察
C0206,81,34,34,82,53,40.8,持续观察
C0207,46,38,45,25,82,49.8,持续观察
C0208,45,77,56,78,23,34.0,低风险
C0209,32,72,74,40,50,40.6,持续观察
C0210,95,65,21,64,70,42.4,持续观察
C0211,37,37,95,64,69,37.2,低风险
C0212,57,22,38,54,33,57.4,持续观察
C0213,25,89,51,71,27,49.7,持续观察
C0214,47,41,88,65,88,40.5,持续观察
C0215,24,74,74,85,27,34.0,低风险
C0216,78,83,75,76,30,21.5,低风险
C0217,98,60,48,61,48,26.0,低风险
C0218,92,27,55,92,74,29.4,低风险
C0219,64,84,90,96,58,20.6,低风险
C0220,72,22,72,35,32,55.0,持续观察
C0221,21,48,58,24,83,62.2,重点关注
C0222,68,89,95,20,68,35.6,低风险
C0223,92,37,30,41,38,37.2,低风险
C0224,82,77,95,67,86,17.5,低风险
C0225,89,20,49,45,71,45.6,持续观察
C0226,77,41,98,53,97,34.4,低风险
C0227,23,42,91,77,90,51.9,持续观察
C0228,49,27,72,26,39,60.4,重点关注
C0229,76,48,93,44,73,26.7,低风险
C0230,66,63,27,76,24,46.3,持续观察
C0231,37,81,39,31,98,39.4,低风险
C0232,63,38,31,50,81,55.8,持续观察
C0233,71,78,86,46,36,30.5,低风险
C0234,68,99,69,53,72,35.9,低风险
C0235,49,38,31,94,56,40.9,持续观察
C0236,71,41,73,53,38,46.1,持续观察
C0237,56,87,99,56,29,20.3,低风险
C0238,82,24,73,77,63,33.0,低风险
C0239,31,24,93,79,68,44.4,持续观察
C0240,36,44,38,45,56,68.2,重点关注
C0241,53,43,33,64,77,58.4,持续观察
C0242,47,20,71,64,34,59.7,持续观察
C0243,23,47,97,51,39,44.4,持续观察
C0244,65,66,41,88,74,27.2,低风险
C0245,33,79,23,90,32,48.0,持续观察
C0246,32,38,78,42,39,59.1,持续观察
C0247,77,33,53,84,62,46.2,持续观察
C0248,68,89,83,58,60,20.0,低风险
C0249,69,27,37,86,67,42.6,持续观察
C0250,86,56,50,64,75,29.1,低风险
C0251,40,91,61,86,87,35.4,低风险
C0252,99,29,93,82,63,35.8,低风险
C0253,70,86,22,89,92,24.5,低风险
C0254,57,32,74,73,66,33.6,低风险
C0255,45,58,29,46,69,60.4,重点关注
C0256,25,83,90,98,51,32.0,低风险
C0257,37,49,41,55,73,52.9,持续观察
C0258,25,23,42,24,58,61.0,重点关注
C0259,60,64,95,86,77,28.4,低风险
C0260,76,25,32,70,80,51.0,持续观察
C0261,69,35,59,51,91,44.0,持续观察
C0262,44,41,32,40,38,64.4,重点关注
C0263,67,40,70,36,88,31.7,低风险
C0264,43,84,83,92,41,33.6,低风险
C0265,49,49,32,45,54,50.5,持续观察
C0266,64,43,48,41,29,54.4,持续观察
C0267,62,83,90,60,34,40.2,持续观察
C0268,91,32,66,78,21,34.7,低风险
C0269,75,45,45,94,41,33.0,低风险
C0270,92,39,89,29,31,43.4,持续观察
C0271,89,80,42,24,81,36.2,低风险
C0272,52,25,94,74,64,37.8,低风险
C0273,64,62,75,45,77,25.8,低风险
C0274,26,68,38,23,39,53.2,持续观察
C0275,37,28,69,46,70,46.2,持续观察
C0276,89,56,54,77,26,28.4,低风险
C0277,64,35,68,22,43,44.9,持续观察
C0278,56,23,65,69,86,35.5,低风险
C0279,40,51,89,45,89,32.8,低风险
C0280,98,36,72,37,72,40.4,持续观察
C0281,63,60,50,26,53,45.9,持续观察
C0282,49,64,41,64,52,52.3,持续观察
C0283,30,35,86,32,42,54.0,持续观察
C0284,27,39,27,25,77,59.3,持续观察
C0285,24,61,38,54,87,55.2,持续观察
C0286,27,29,50,72,88,53.0,持续观察
C0287,24,71,51,87,99,48.9,持续观察
C0288,29,79,98,61,59,32.9,低风险
C0289,34,67,74,23,66,44.2,持续观察
C0290,75,42,50,79,62,34.9,低风险
C0291,74,52,86,64,80,33.0,低风险
C0292,22,96,70,91,61,39.7,低风险
C0293,60,44,93,94,81,38.2,低风险
C0294,29,69,46,85,86,45.5,持续观察
C0295,26,89,67,41,74,33.0,低风险
C0296,82,98,62,31,68,33.1,低风险
C0297,82,74,70,70,68,20.6,低风险
C0298,45,87,88,36,97,39.0,低风险
C0299,53,97,94,55,52,36.6,低风险
C0300,91,23,90,68,47,36.0,低风险
C0301,58,47,91,35,76,44.8,持续观察
C0302,79,48,69,94,60,40.4,持续观察
C0303,88,67,80,63,98,13.6,低风险
C0304,45,91,60,41,23,39.3,低风险
C0305,81,32,70,27,39,47.8,持续观察
C0306,29,62,97,37,54,35.4,低风险
C0307,73,28,43,99,72,40.4,持续观察
C0308,50,59,49,91,58,51.0,持续观察
C0309,57,65,71,57,72,34.7,低风险
C0310,44,77,69,48,29,52.6,持续观察
C0311,96,75,76,96,99,11.9,低风险
C0312,84,31,81,92,84,31.6,低风险
C0313,69,44,98,21,20,52.6,持续观察
C0314,43,35,72,78,72,39.0,低风险
C0315,46,70,87,61,65,25.7,低风险
C0316,69,99,96,40,45,31.8,低风险
C0317,69,91,88,21,21,34.7,低风险
C0318,34,72,50,24,47,56.5,持续观察
C0319,36,71,95,36,46,40.4,持续观察
C0320,48,86,49,43,47,51.1,持续观察
C0321,24,43,29,27,50,58.2,持续观察
C0322,30,33,63,49,66,49.2,持续观察
C0323,99,41,25,69,26,38.1,低风险
C0324,71,50,46,41,91,35.8,低风险
C0325,53,77,39,78,94,33.9,低风险
C0326,52,88,39,43,67,50.4,持续观察
C0327,68,38,31,45,45,53.6,持续观察
C0328,50,72,68,80,74,26.0,低风险
C0329,37,21,71,27,26,70.8,重点关注
C0330,24,72,29,31,76,52.8,持续观察
C0331,49,86,24,33,77,47.3,持续观察
C0332,64,66,83,49,20,29.3,低风险
C0333,57,72,77,74,91,39.3,低风险
C0334,48,76,27,80,48,34.4,低风险
C0335,55,44,49,81,41,38.4,低风险
C0336,28,54,36,50,59,50.5,持续观察
C0337,42,48,86,46,81,43.2,持续观察
C0338,22,95,40,20,33,54.4,持续观察
C0339,75,36,35,60,21,52.4,持续观察
C0340,59,99,46,33,54,31.0,低风险
C0341,75,68,25,93,90,37.6,低风险
C0342,77,75,61,69,86,28.0,低风险
C0343,50,92,35,61,98,42.0,持续观察
C0344,30,22,64,90,41,65.1,重点关注
C0345,61,41,22,59,37,45.5,持续观察
C0346,22,33,59,33,65,68.9,重点关注
C0347,76,22,39,30,82,42.2,持续观察
C0348,33,57,26,82,55,48.8,持续观察
C0349,65,40,78,68,65,44.2,持续观察
C0350,38,70,30,56,56,57.1,持续观察
C0351,79,43,71,29,37,51.3,持续观察
C0352,50,64,22,73,62,57.4,持续观察
C0353,55,88,40,26,48,35.8,低风险
C0354,51,63,72,31,95,39.4,低风险
C0355,82,66,49,74,37,32.3,低风险
C0356,45,76,30,55,34,59.8,持续观察
C0357,84,38,44,26,78,36.8,低风险
C0358,21,53,69,43,47,46.5,持续观察
C0359,89,22,28,53,72,46.0,持续观察
C0360,64,58,64,84,34,28.5,低风险
C0361,97,94,48,48,62,22.4,低风险
C0362,44,79,81,45,52,35.9,低风险
C0363,59,29,34,93,21,44.2,持续观察
C0364,37,59,38,84,78,47.1,持续观察
C0365,31,21,34,64,27,68.4,重点关注
C0366,43,64,58,36,52,50.9,持续观察
C0367,98,46,54,55,54,40.6,持续观察
C0368,62,72,32,92,37,39.5,低风险
C0369,51,28,35,82,40,46.4,持续观察
C0370,66,20,86,42,83,39.4,低风险
C0371,64,52,74,85,47,35.6,低风险
C0372,54,57,84,61,64,33.2,低风险
C0373,96,76,54,90,39,30.0,低风险
C0374,28,52,35,94,23,65.2,重点关注
C0375,29,67,20,90,55,61.6,重点关注
C0376,84,22,69,62,96,29.6,低风险
C0377,78,51,33,74,71,37.0,低风险
C0378,76,96,81,75,58,26.0,低风险
C0379,29,40,26,98,90,62.4,重点关注
C0380,38,87,42,50,31,43.8,持续观察
C0381,69,36,82,75,74,40.2,持续观察
C0382,87,61,48,93,67,27.4,低风险
C0383,24,87,41,67,28,54.0,持续观察
C0384,48,31,99,71,31,44.3,持续观察
C0385,24,64,25,91,99,49.2,持续观察
C0386,79,55,48,20,88,47.1,持续观察
C0387,84,99,21,21,76,26.1,低风险
C0388,47,70,83,61,47,33.9,低风险
C0389,20,26,55,93,36,49.9,持续观察
C0390,48,52,39,28,41,65.5,重点关注
C0391,70,67,74,50,54,44.6,持续观察
C0392,55,85,56,21,78,30.1,低风险
C0393,51,52,71,43,98,34.2,低风险
C0394,83,97,88,62,38,22.2,低风险
C0395,33,46,89,89,69,46.6,持续观察
C0396,51,66,41,91,45,41.8,持续观察
C0397,28,85,34,62,79,48.4,持续观察
C0398,30,62,66,70,63,44.5,持续观察
C0399,67,99,90,65,75,23.9,低风险
C0400,70,38,88,94,62,24.6,低风险
C0401,23,87,71,20,42,55.0,持续观察
C0402,60,29,58,86,93,45.0,持续观察
C0403,44,41,21,20,41,72.2,重点关注
C0404,36,95,64,82,66,31.8,低风险
C0405,66,85,43,95,74,19.7,低风险
C0406,27,21,80,81,30,47.5,持续观察
C0407,77,37,84,80,74,40.4,持续观察
C0408,20,99,72,59,45,32.5,低风险
C0409,21,38,40,48,20,61.0,重点关注
C0410,29,49,86,54,81,49.6,持续观察
C0411,46,25,20,30,40,60.4,重点关注
C0412,32,46,78,30,27,58.1,持续观察
C0413,82,34,66,82,39,46.5,持续观察
C0414,30,50,37,88,64,57.5,持续观察
C0415,33,63,52,75,98,49.9,持续观察
C0416,99,95,34,26,84,37.4,低风险
C0417,45,29,43,70,79,48.2,持续观察
C0418,88,40,55,58,86,40.3,持续观察
C0419,58,66,79,61,75,26.7,低风险
C0420,47,74,53,91,50,41.2,持续观察
C0421,36,55,70,72,41,38.6,低风险
C0422,56,93,59,40,81,27.1,低风险
C0423,46,77,41,49,75,44.9,持续观察
C0424,95,38,35,97,91,37.4,低风险
C0425,86,83,61,20,27,37.6,低风险
C0426,87,29,35,43,81,48.1,持续观察
C0427,66,68,24,25,97,51.0,持续观察
C0428,94,73,25,25,43,43.5,持续观察
C0429,53,80,61,88,41,27.6,低风险
C0430,37,78,49,81,34,36.0,低风险
C0431,54,21,51,54,47,63.6,重点关注
C0432,37,94,72,98,41,40.2,持续观察
C0433,89,27,38,54,50,50.8,持续观察
C0434,53,38,70,67,92,43.4,持续观察
C0435,52,99,47,91,81,32.5,低风险
C0436,91,87,66,62,88,20.7,低风险
C0437,62,33,91,54,58,49.0,持续观察
C0438,46,41,20,24,59,68.4,重点关注
C0439,67,36,87,50,88,33.2,低风险
C0440,88,82,76,50,74,19.0,低风险
C0441,90,45,41,27,90,35.5,低风险
C0442,41,55,77,25,83,49.5,持续观察
C0443,53,64,32,72,27,40.2,持续观察
C0444,62,49,58,99,90,38.7,低风险
C0445,96,40,46,63,63,27.2,低风险
C0446,35,39,58,68,57,52.2,持续观察
C0447,33,61,91,27,40,38.6,低风险
C0448,58,75,31,83,23,42.9,持续观察
C0449,90,31,43,23,51,55.1,持续观察
C0450,31,27,37,51,74,57.5,持续观察
C0451,74,82,34,72,79,32.8,低风险
C0452,25,75,79,86,78,33.2,低风险
C0453,59,26,35,82,86,45.9,持续观察
C0454,32,81,93,99,24,35.3,低风险
C0455,88,80,66,79,91,29.4,低风险
C0456,43,29,43,96,56,58.2,持续观察
C0457,93,69,64,52,46,21.7,低风险
C0458,78,39,38,41,32,57.9,持续观察
C0459,65,47,60,50,25,47.8,持续观察
C0460,92,33,50,43,84,42.3,持续观察
C0461,63,95,35,22,49,42.2,持续观察
C0462,95,27,42,52,94,43.2,持续观察
C0463,30,26,97,45,71,45.2,持续观察
C0464,80,24,42,70,60,52.1,持续观察
C0465,55,20,60,49,99,50.2,持续观察
C0466,91,92,37,54,34,27.8,低风险
C0467,29,29,55,44,24,65.1,重点关注
C0468,97,77,31,47,34,32.0,低风险
C0469,20,84,94,45,20,42.4,持续观察
C0470,82,79,88,92,34,28.8,低风险
C0471,31,39,70,27,79,65.0,重点关注
C0472,24,77,51,34,67,59.6,持续观察
C0473,97,62,90,68,73,25.9,低风险
C0474,55,48,55,27,74,44.1,持续观察
C0475,36,21,59,74,91,51.0,持续观察
C0476,77,45,89,77,46,26.7,低风险
C0477,41,94,57,22,49,46.6,持续观察
C0478,50,78,73,28,95,39.2,低风险
C0479,45,20,23,33,79,58.0,持续观察
C0480,32,50,65,39,85,43.6,持续观察
C0481,82,57,82,23,65,38.8,低风险
C0482,86,41,93,43,71,36.8,低风险
C0483,82,85,69,95,54,20.7,低风险
C0484,30,66,49,47,61,58.6,持续观察
C0485,88,20,92,50,75,26.2,低风险
C0486,83,69,35,86,64,23.5,低风险
C0487,87,55,71,83,71,26.4,低风险
C0488,51,64,23,36,42,61.5,重点关注
C0489,93,55,45,25,48,38.8,低风险
C0490,29,53,48,79,48,54.8,持续观察
C0491,73,28,30,30,76,56.0,持续观察
C0492,74,95,43,57,38,40.1,持续观察
C0493,81,23,70,53,27,50.3,持续观察
C0494,74,98,61,66,69,33.3,低风险
C0495,54,82,58,51,26,37.4,低风险
C0496,86,23,26,76,30,38.8,低风险
C0497,84,24,37,65,86,39.0,低风险
C0498,36,29,22,54,85,51.0,持续观察
C0499,61,63,82,41,47,32.7,低风险
C0500,78,59,39,35,75,47.3,持续观察
C0501,89,55,92,95,47,22.2,低风险
C0502,30,54,93,24,94,41.9,持续观察
C0503,97,78,89,45,59,16.0,低风险
C0504,47,84,36,96,21,45.2,持续观察
C0505,58,50,98,43,95,29.6,低风险
C0506,73,65,78,86,80,30.3,低风险
C0507,30,68,73,51,95,44.2,持续观察
C0508,77,25,32,42,44,56.6,持续观察
C0509,59,89,61,68,73,38.3,低风险
C0510,23,38,63,81,36,62.2,重点关注
C0511,83,61,99,96,67,29.0,低风险
C0512,67,49,86,98,31,29.7,低风险
C0513,89,45,91,85,80,21.1,低风险
C0514,50,22,39,30,21,65.1,重点关注
C0515,21,52,66,99,99,34.8,低风险
C0516,62,69,43,37,84,51.6,持续观察
C0517,60,50,70,29,71,45.0,持续观察
C0518,79,87,37,96,53,18.5,低风险
C0519,94,29,42,79,64,32.9,低风险
C0520,65,41,20,27,20,60.2,重点关注
C0521,59,82,85,90,71,18.2,低风险
C0522,78,73,24,67,86,40.9,持续观察
C0523,64,70,37,60,95,38.4,低风险
C0524,61,23,99,27,75,43.6,持续观察
C0525,40,56,93,56,77,42.3,持续观察
C0526,22,90,54,56,69,37.8,低风险
C0527,85,82,44,83,44,25.3,低风险
C0528,30,70,43,78,31,40.1,持续观察
C0529,43,27,32,64,92,62.2,重点关注
C0530,69,20,40,35,84,56.6,持续观察
C0531,40,27,58,45,75,51.4,持续观察
C0532,44,74,53,50,69,33.3,低风险
C0533,23,28,38,46,47,73.9,重点关注
C0534,62,70,47,62,22,51.0,持续观察
C0535,66,35,30,34,57,59.6,持续观察
C0536,42,72,68,77,83,30.0,低风险
C0537,79,78,54,68,73,18.5,低风险
C0538,40,64,95,98,55,42.8,持续观察
C0539,85,56,76,44,63,36.4,低风险
C0540,70,85,47,87,63,26.0,低风险
C0541,34,83,85,55,88,42.0,持续观察
C0542,77,55,84,99,72,19.3,低风险
C0543,45,95,92,66,32,36.2,低风险
C0544,78,69,41,78,63,38.2,低风险
C0545,64,72,70,71,23,40.8,持续观察
C0546,85,76,28,59,89,36.1,低风险
C0547,54,38,90,62,70,33.0,低风险
C0548,83,45,55,75,89,25.7,低风险
C0549,96,87,73,22,30,34.6,低风险
C0550,46,62,57,90,73,37.5,低风险
C0551,99,77,85,31,81,15.3,低风险
C0552,50,96,62,84,78,28.2,低风险
C0553,31,78,24,62,80,43.1,持续观察
C0554,64,65,56,89,59,39.1,低风险
C0555,51,87,77,65,23,45.5,持续观察
C0556,73,59,82,79,46,36.5,低风险
C0557,85,32,70,80,35,39.0,低风险
C0558,51,28,91,68,26,42.7,持续观察
C0559,34,85,62,44,30,36.6,低风险
C0560,74,72,86,22,91,39.2,低风险
C0561,60,95,86,87,83,10.7,低风险
C0562,59,23,84,82,71,30.4,低风险
C0563,91,33,81,49,25,42.4,持续观察
C0564,68,27,82,23,67,38.3,低风险
C0565,57,81,49,97,88,23.5,低风险
C0566,75,64,57,90,25,26.1,低风险
C0567,53,86,70,40,80,25.6,低风险
C0568,20,81,57,90,85,34.4,低风险
C0569,29,97,86,20,92,35.6,低风险
C0570,59,89,96,79,98,13.2,低风险
C0571,35,55,67,53,72,43.2,持续观察
C0572,65,20,31,22,47,60.3,重点关注
C0573,43,79,39,37,24,50.6,持续观察
C0574,33,93,91,62,77,36.7,低风险
C0575,58,32,21,95,43,47.9,持续观察
C0576,37,31,94,97,50,33.8,低风险
C0577,60,94,74,60,60,29.7,低风险
C0578,75,36,25,43,87,53.4,持续观察
C0579,55,66,81,43,65,41.8,持续观察
C0580,43,72,68,22,29,54.3,持续观察
C0581,48,86,73,78,56,25.2,低风险
C0582,41,29,29,77,40,68.1,重点关注
C0583,30,65,43,92,40,51.4,持续观察
C0584,60,23,48,43,99,43.3,持续观察
C0585,68,76,25,85,29,48.0,持续观察
C0586,30,57,77,59,43,56.2,持续观察
C0587,71,31,97,90,31,45.0,持续观察
C0588,86,50,76,28,39,43.4,持续观察
C0589,94,21,22,79,89,34.4,低风险
C0590,27,20,43,58,27,68.9,重点关注
C0591,50,44,38,52,97,49.9,持续观察
C0592,93,24,28,53,24,59.2,持续观察
C0593,25,67,49,81,73,49.5,持续观察
C0594,90,33,96,80,55,29.0,低风险
C0595,32,71,63,46,57,49.4,持续观察
C0596,25,93,72,36,22,49.2,持续观察
C0597,86,40,87,79,55,33.4,低风险
C0598,46,44,79,61,41,49.2,持续观察
C0599,64,86,42,66,27,37.3,低风险
C0600,45,69,80,72,80,25.5,低风险
C0601,23,52,26,40,97,68.2,重点关注
C0602,56,36,63,27,26,64.0,重点关注
C0603,40,89,74,92,87,30.4,低风险
C0604,47,53,94,77,81,40.2,持续观察
C0605,51,45,58,87,38,42.0,持续观察
C0606,72,61,78,82,66,24.7,低风险
C0607,52,50,24,78,43,50.1,持续观察
C0608,45,70,61,49,99,37.6,低风险
C0609,36,55,33,44,25,49.8,持续观察
C0610,75,32,46,75,27,36.3,低风险
C0611,49,99,35,53,44,50.2,持续观察
C0612,24,32,21,69,93,62.0,重点关注
C0613,25,51,38,21,60,57.0,持续观察
C0614,81,24,42,96,77,34.2,低风险
C0615,29,31,60,72,79,51.8,持续观察
C0616,89,78,33,60,22,30.0,低风险
C0617,29,60,66,42,28,56.0,持续观察
C0618,63,56,82,80,71,32.6,低风险
C0619,75,87,27,50,77,31.2,低风险
C0620,23,67,46,85,79,50.5,持续观察
C0621,32,62,59,21,68,62.1,重点关注
C0622,93,60,47,88,24,28.1,低风险
C0623,99,75,87,79,81,9.2,低风险
C0624,38,88,80,97,51,25.0,低风险
C0625,89,30,57,42,46,35.5,低风险
C0626,81,28,94,76,43,42.2,持续观察
C0627,28,47,43,54,57,49.4,持续观察
C0628,65,41,47,20,86,47.2,持续观察
C0629,75,94,60,67,35,25.5,低风险
C0630,93,25,37,68,34,53.8,持续观察
C0631,59,45,68,59,44,34.2,低风险
C0632,86,35,45,81,91,39.2,低风险
C0633,81,33,22,34,23,45.7,持续观察
C0634,65,54,96,49,51,36.3,低风险
C0635,25,61,57,40,64,52.4,持续观察
C0636,48,72,33,27,75,54.4,持续观察
C0637,38,41,20,26,54,62.1,重点关注
C0638,34,72,30,53,72,53.6,持续观察
C0639,76,85,59,83,49,17.8,低风险
C0640,57,32,23,61,68,47.3,持续观察
C0641,40,30,53,72,71,52.0,持续观察
C0642,70,31,84,89,21,44.0,持续观察
C0643,58,72,75,29,78,47.4,持续观察
C0644,39,28,29,77,56,66.4,重点关注
C0645,21,90,90,23,48,38.0,低风险
C0646,51,36,83,27,49,42.2,持续观察
C0647,23,80,32,31,41,58.0,持续观察
C0648,26,29,41,44,94,51.8,持续观察
C0649,22,57,75,46,38,46.4,持续观察
C0650,44,58,84,21,86,34.8,低风险
C0651,28,49,32,92,37,47.4,持续观察
C0652,45,53,20,74,84,51.8,持续观察
C0653,83,52,57,77,24,30.8,低风险
C0654,37,51,77,52,95,46.4,持续观察
C0655,21,31,44,68,30,54.0,持续观察
C0656,20,84,61,24,77,39.5,低风险
C0657,67,29,52,66,37,54.6,持续观察
C0658,99,38,76,43,91,21.0,低风险
C0659,82,42,56,63,75,30.8,低风险
C0660,55,76,76,87,41,34.2,低风险
C0661,82,78,81,33,75,28.2,低风险
C0662,94,73,22,55,85,39.4,低风险
C0663,45,93,49,70,42,46.8,持续观察
C0664,25,21,86,25,35,58.8,持续观察
C0665,45,67,82,36,63,39.6,低风险
C0666,62,25,42,91,91,48.0,持续观察
C0667,20,62,91,70,87,41.1,持续观察
C0668,28,36,92,71,33,59.3,持续观察
C0669,46,98,85,31,28,41.3,持续观察
C0670,90,55,80,20,94,37.8,低风险
C0671,22,43,21,30,35,66.4,重点关注
C0672,80,80,46,35,32,35.3,低风险
C0673,92,48,67,28,55,37.3,低风险
C0674,21,97,82,27,63,41.7,持续观察
C0675,93,77,24,44,33,44.2,持续观察
C0676,50,85,20,93,36,48.2,持续观察
C0677,84,72,41,59,84,27.3,低风险
C0678,37,89,93,86,73,28.8,低风险
C0679,25,28,43,42,21,73.5,重点关注
C0680,61,95,78,81,36,18.6,低风险
C0681,87,61,98,42,42,37.6,低风险
C0682,23,58,69,63,20,48.3,持续观察
C0683,23,88,42,75,31,41.4,持续观察
C0684,84,59,97,87,32,23.4,低风险
C0685,60,78,37,42,97,47.1,持续观察
C0686,62,63,41,28,93,46.0,持续观察
C0687,74,84,63,23,31,42.6,持续观察
C0688,38,93,63,53,76,45.2,持续观察
C0689,40,30,56,53,37,49.6,持续观察
C0690,77,24,26,61,34,51.2,持续观察
C0691,49,96,43,22,58,45.6,持续观察
C0692,26,93,96,53,97,29.1,低风险
C0693,88,68,60,62,92,32.1,低风险
C0694,83,70,89,86,88,21.1,低风险
C0695,21,55,90,56,52,58.4,持续观察
C0696,86,35,37,31,67,48.7,持续观察
C0697,98,26,98,35,24,35.8,低风险
C0698,93,63,91,81,27,20.3,低风险
C0699,28,45,79,36,38,49.4,持续观察
C0700,42,55,71,34,71,37.2,低风险
C0701,33,72,99,45,31,38.4,低风险
C0702,73,63,68,64,91,22.0,低风险
C0703,64,31,86,21,27,55.0,持续观察
C0704,35,87,64,36,74,36.2,低风险
C0705,91,42,28,84,53,41.7,持续观察
C0706,76,49,45,49,84,43.2,持续观察
C0707,27,82,45,87,94,41.0,持续观察
C0708,44,22,49,63,66,49.4,持续观察
C0709,60,99,46,79,54,36.8,低风险
C0710,81,53,99,20,51,28.6,低风险
C0711,96,68,23,38,70,35.9,低风险
C0712,37,63,70,52,99,43.4,持续观察
C0713,69,60,89,55,25,42.8,持续观察
C0714,60,67,98,96,28,28.4,低风险
C0715,53,90,29,97,59,33.3,低风险
C0716,31,27,55,43,67,67.8,重点关注
C0717,99,26,65,44,91,30.1,低风险
C0718,96,56,25,30,45,48.2,持续观察
C0719,94,74,89,28,56,19.7,低风险
C0720,97,90,98,25,71,17.0,低风险
C0721,61,69,97,77,31,20.4,低风险
C0722,74,40,22,48,57,41.5,持续观察
C0723,78,53,69,92,87,18.0,低风险
C0724,70,68,61,98,35,25.6,低风险
C0725,72,46,97,30,80,25.0,低风险
C0726,28,27,73,42,43,66.6,重点关注
C0727,22,53,58,45,97,54.1,持续观察
C0728,27,37,74,20,36,52.2,持续观察
C0729,78,70,30,66,23,32.9,低风险
C0730,49,31,93,60,69,42.1,持续观察
C0731,86,70,98,42,22,30.6,低风险
C0732,74,82,49,24,27,31.2,低风险
C0733,53,59,75,69,31,40.9,持续观察
C0734,62,41,48,28,54,43.9,持续观察
C0735,47,27,36,23,85,68.0,重点关注
C0736,56,47,52,90,72,30.3,低风险
C0737,49,69,40,84,52,49.2,持续观察
C0738,90,66,97,99,37,18.5,低风险
C0739,81,75,29,76,77,30.1,低风险
C0740,48,51,58,44,97,40.9,持续观察
C0741,21,30,97,77,64,42.8,持续观察
C0742,76,40,66,25,34,51.8,持续观察
C0743,76,45,71,33,34,36.4,低风险
C0744,61,33,60,82,64,44.8,持续观察
C0745,68,98,66,94,87,29.1,低风险
C0746,76,33,92,84,88,25.1,低风险
C0747,90,95,90,71,86,3.0,低风险
C0748,37,22,62,84,95,58.9,持续观察
C0749,89,76,56,27,81,27.0,低风险
C0750,46,26,92,27,63,48.0,持续观察
C0751,73,58,83,33,39,38.2,低风险
C0752,43,76,90,43,58,40.8,持续观察
C0753,53,84,79,83,58,39.0,低风险
C0754,41,44,44,44,20,55.3,持续观察
C0755,82,50,41,25,86,44.4,持续观察
C0756,55,29,62,20,66,63.2,重点关注
C0757,80,96,90,52,92,13.0,低风险
C0758,61,91,89,33,73,18.9,低风险
C0759,52,28,55,82,39,42.2,持续观察
C0760,93,98,65,75,28,11.5,低风险
C0761,28,27,41,81,47,50.8,持续观察
C0762,44,38,54,47,83,42.2,持续观察
C0763,32,49,66,48,54,60.4,重点关注
C0764,66,28,52,42,59,41.6,持续观察
C0765,64,66,94,63,21,40.0,持续观察
C0766,24,65,32,57,22,68.4,重点关注
C0767,50,20,75,68,33,59.5,持续观察
C0768,50,22,86,62,87,41.3,持续观察
C0769,90,53,32,29,66,34.4,低风险
C0770,60,44,69,46,73,50.0,持续观察
C0771,65,49,76,27,77,45.3,持续观察
C0772,71,20,47,87,81,49.2,持续观察
C0773,24,37,84,49,70,45.4,持续观察
C0774,31,52,43,32,97,44.6,持续观察
C0775,40,28,86,77,67,44.6,持续观察
C0776,28,26,26,22,46,79.0,重点关注
C0777,36,49,93,24,96,36.2,低风险
C0778,43,96,43,41,74,36.0,低风险
C0779,46,32,28,77,68,60.2,重点关注
C0780,27,32,34,85,43,70.0,重点关注
C0781,63,61,75,59,29,36.1,低风险
C0782,81,93,36,24,26,39.0,低风险
C0783,48,97,38,35,36,42.9,持续观察
C0784,93,82,28,34,41,28.8,低风险
C0785,43,88,83,96,78,26.3,低风险
C0786,53,55,76,94,63,41.8,持续观察
C0787,79,54,57,99,30,42.6,持续观察
C0788,50,65,27,37,61,46.7,持续观察
C0789,23,64,25,66,42,67.0,重点关注
C0790,28,75,68,23,79,38.9,低风险
C0791,96,24,64,72,81,42.5,持续观察
C0792,73,63,40,77,73,32.5,低风险
C0793,20,47,53,94,32,45.3,持续观察
C0794,80,61,31,77,87,32.3,低风险
C0795,92,50,58,78,46,29.0,低风险
C0796,50,26,25,53,59,69.6,重点关注
C0797,64,26,51,49,93,51.4,持续观察
C0798,79,23,79,73,94,37.4,低风险
C0799,92,51,27,87,29,41.3,持续观察
C0800,61,47,57,97,34,32.6,低风险
C0801,46,75,38,94,64,36.4,低风险
C0802,77,23,74,87,72,39.1,低风险
C0803,88,27,28,45,26,53.9,持续观察
C0804,92,33,71,22,49,36.8,低风险
C0805,53,49,47,76,97,48.4,持续观察
C0806,29,22,81,56,49,66.3,重点关注
C0807,85,21,67,57,46,32.7,低风险
C0808,44,29,58,60,68,58.2,持续观察
C0809,22,89,72,23,76,37.7,低风险
C0810,53,90,82,45,83,24.2,低风险
C0811,90,35,38,58,82,33.8,低风险
C0812,47,89,52,61,67,47.4,持续观察
C0813,28,99,83,30,60,42.8,持续观察
C0814,30,95,45,30,49,54.8,持续观察
C0815,99,98,64,73,22,11.8,低风险
C0816,58,41,20,57,56,55.2,持续观察
C0817,32,54,94,39,49,55.4,持续观察
C0818,30,98,85,45,73,34.4,低风险
C0819,54,68,54,95,26,43.2,持续观察
C0820,27,21,96,33,27,57.8,持续观察
C0821,26,85,64,69,82,43.6,持续观察
C0822,88,38,95,44,82,20.3,低风险
C0823,89,88,52,74,83,22.5,低风险
C0824,76,23,88,70,49,35.4,低风险
C0825,54,60,50,29,29,43.6,持续观察
C0826,30,75,83,33,88,33.9,低风险
C0827,57,74,34,24,68,38.2,低风险
C0828,97,50,65,76,58,29.2,低风险
C0829,68,41,67,41,53,51.5,持续观察
C0830,54,94,87,94,29,21.9,低风险
C0831,48,67,59,48,28,44.0,持续观察
C0832,60,99,20,26,79,31.4,低风险
C0833,25,23,39,37,24,80.0,紧急干预
C0834,29,40,41,50,54,63.2,重点关注
C0835,42,60,73,62,30,50.5,持续观察
C0836,65,64,96,54,61,27.1,低风险
C0837,31,27,84,90,99,52.8,持续观察
C0838,74,28,34,23,39,60.6,重点关注
C0839,32,37,80,70,70,56.6,持续观察
C0840,93,50,98,49,20,36.7,低风险
C0841,26,54,33,72,30,57.3,持续观察
C0842,31,49,88,93,80,32.9,低风险
C0843,80,37,68,33,98,31.4,低风险
C0844,44,60,25,55,58,59.8,持续观察
C0845,21,43,60,31,67,67.6,重点关注
C0846,45,67,50,95,47,33.8,低风险
C0847,70,33,83,53,94,35.8,低风险
C0848,88,38,70,45,99,27.4,低风险
C0849,81,79,78,25,55,34.1,低风险
C0850,91,41,74,72,89,37.0,低风险
C0851,92,49,68,34,81,30.4,低风险
C0852,58,34,59,38,89,52.7,持续观察
C0853,30,40,34,66,29,64.4,重点关注
C0854,83,45,89,96,24,30.2,低风险
C0855,99,31,84,80,47,39.0,低风险
C0856,61,26,26,71,78,41.6,持续观察
C0857,29,94,81,37,28,36.2,低风险
C0858,38,54,73,79,58,44.8,持续观察
C0859,23,87,71,66,81,44.2,持续观察
C0860,22,21,70,76,57,60.0,重点关注
C0861,33,39,23,52,43,68.6,重点关注
C0862,29,66,20,51,83,47.8,持续观察
C0863,25,31,85,23,62,64.1,重点关注
C0864,50,72,54,60,35,48.7,持续观察
C0865,50,36,96,38,85,47.6,持续观察
C0866,67,37,29,26,85,54.4,持续观察
C0867,28,43,86,45,88,42.1,持续观察
C0868,95,91,87,70,65,20.3,低风险
C0869,45,56,84,75,40,47.4,持续观察
C0870,21,49,70,90,79,42.1,持续观察
C0871,23,71,49,94,29,51.6,持续观察
C0872,25,42,58,70,37,53.2,持续观察
C0873,49,56,29,27,60,58.4,持续观察
C0874,74,93,63,32,55,38.7,低风险
C0875,47,43,51,51,85,54.8,持续观察
C0876,80,99,63,53,65,25.2,低风险
C0877,96,69,82,37,42,17.8,低风险
C0878,74,95,80,98,58,9.5,低风险
C0879,55,39,84,74,23,53.6,持续观察
C0880,93,66,60,62,60,30.3,低风险
C0881,93,37,31,43,22,58.0,持续观察
C0882,24,45,21,40,72,59.2,持续观察
C0883,48,90,92,37,93,33.9,低风险
C0884,31,62,95,33,55,47.8,持续观察
C0885,41,66,79,72,68,32.8,低风险
C0886,78,62,44,38,46,50.0,持续观察
C0887,58,51,80,96,72,27.2,低风险
C0888,21,26,41,76,68,55.8,持续观察
C0889,33,51,75,83,20,50.9,持续观察
C0890,29,84,40,99,65,43.9,持续观察
C0891,67,77,74,21,81,37.6,低风险
C0892,83,72,59,76,96,28.3,低风险
C0893,22,53,70,53,85,55.7,持续观察
C0894,91,88,41,68,41,34.2,低风险
C0895,79,75,47,73,58,21.4,低风险
C0896,87,85,23,41,63,43.6,持续观察
C0897,40,51,45,63,21,50.7,持续观察
C0898,38,69,79,54,94,42.0,持续观察
C0899,98,43,42,48,78,46.4,持续观察
C0900,39,65,60,25,47,53.6,持续观察
C0901,77,22,77,56,86,31.0,低风险
C0902,61,29,27,77,33,56.2,持续观察
C0903,29,25,70,83,35,55.1,持续观察
C0904,42,71,80,50,70,34.2,低风险
C0905,31,69,20,69,47,49.4,持续观察
C0906,28,77,49,99,72,47.5,持续观察
C0907,98,71,36,79,71,36.7,低风险
C0908,48,32,42,33,44,68.8,重点关注
C0909,39,78,43,89,76,46.2,持续观察
C0910,84,58,88,30,28,44.4,持续观察
C0911,22,72,71,46,30,41.3,持续观察
C0912,27,77,90,88,64,39.0,低风险
C0913,58,39,77,98,21,39.6,低风险
C0914,83,82,41,57,73,38.6,低风险
C0915,50,29,78,81,53,52.7,持续观察
C0916,91,45,63,72,61,29.0,低风险
C0917,98,38,56,99,96,25.4,低风险
C0918,41,80,53,37,88,50.8,持续观察
C0919,24,96,76,71,30,47.0,持续观察
C0920,77,53,76,43,48,30.2,低风险
C0921,92,63,59,26,24,32.6,低风险
C0922,98,37,39,33,39,44.7,持续观察
C0923,82,91,36,69,58,29.3,低风险
C0924,80,35,71,43,93,46.3,持续观察
C0925,71,96,23,98,51,35.3,低风险
C0926,52,45,82,32,48,52.2,持续观察
C0927,41,84,69,38,85,42.7,持续观察
C0928,70,85,69,48,20,28.8,低风险
C0929,30,96,35,41,20,54.8,持续观察
C0930,77,46,91,21,23,41.8,持续观察
C0931,69,23,80,96,34,48.8,持续观察
C0932,89,70,63,55,66,33.3,低风险
C0933,36,22,37,57,49,64.9,重点关注
C0934,65,85,69,37,25,36.4,低风险
C0935,63,35,99,70,20,30.0,低风险
C0936,76,93,49,34,90,37.1,低风险
C0937,24,47,68,71,81,44.7,持续观察
C0938,58,63,40,36,83,52.2,持续观察
C0939,77,37,41,96,24,43.7,持续观察
C0940,28,21,66,41,73,66.7,重点关注
C0941,42,97,44,73,68,26.6,低风险
C0942,66,63,75,71,26,36.2,低风险
C0943,55,39,83,65,22,35.2,低风险
C0944,50,75,47,23,95,35.9,低风险
C0945,42,42,52,26,80,53.6,持续观察
C0946,75,79,85,29,98,19.6,低风险
C0947,90,90,23,34,60,38.8,低风险
C0948,65,64,99,45,40,27.0,低风险
C0949,77,66,31,99,51,36.2,低风险
C0950,55,97,36,59,31,40.1,持续观察
C0951,87,56,55,80,26,39.3,低风险
C0952,79,27,35,35,70,57.3,持续观察
C0953,33,24,42,37,64,71.8,重点关注
C0954,44,42,91,94,84,31.6,低风险
C0955,90,29,28,95,79,46.0,持续观察
C0956,98,46,97,21,94,19.2,低风险
C0957,63,20,74,73,64,37.9,低风险
C0958,65,90,92,37,53,36.8,低风险
C0959,32,27,83,73,30,54.1,持续观察
C0960,81,30,66,57,52,43.2,持续观察
C0961,38,47,86,92,27,44.2,持续观察
C0962,31,53,29,34,64,52.2,持续观察
C0963,67,62,23,83,91,45.3,持续观察
C0964,52,47,49,27,97,56.1,持续观察
C0965,98,68,30,65,53,36.6,低风险
C0966,56,80,70,58,64,26.1,低风险
C0967,25,56,38,71,84,61.8,重点关注
C0968,62,22,32,27,92,49.2,持续观察
C0969,69,28,76,69,71,38.6,低风险
C0970,65,21,22,69,29,63.6,重点关注
C0971,92,42,97,87,62,26.2,低风险
C0972,47,70,93,46,89,25.0,低风险
C0973,86,36,57,96,30,27.4,低风险
C0974,30,44,46,57,55,66.8,重点关注
C0975,39,95,99,40,37,36.0,低风险
C0976,49,46,29,64,82,41.2,持续观察
C0977,55,39,72,77,24,35.4,低风险
C0978,95,92,46,42,50,37.0,低风险
C0979,87,55,26,73,35,35.5,低风险
C0980,55,47,32,49,85,47.5,持续观察
C0981,77,48,91,35,28,36.7,低风险
C0982,47,61,79,71,21,51.1,持续观察
C0983,58,77,33,60,56,52.2,持续观察
C0984,85,51,63,90,78,22.9,低风险
C0985,62,31,89,43,77,47.7,持续观察
C0986,24,49,47,39,27,66.6,重点关注
C0987,32,79,42,46,71,55.2,持续观察
C0988,28,30,31,21,94,70.4,重点关注
C0989,76,30,43,79,96,40.6,持续观察
C0990,46,99,70,70,96,37.3,低风险
C0991,80,69,41,20,92,42.3,持续观察
C0992,96,20,81,25,88,28.4,低风险
C0993,69,46,45,57,71,53.2,持续观察
C0994,53,51,77,73,97,32.3,低风险
C0995,84,25,90,79,53,43.4,持续观察
C0996,64,60,34,46,67,35.4,低风险
C0997,53,55,87,99,43,27.8,低风险
C0998,92,58,25,81,32,45.6,持续观察
C0999,27,49,21,82,69,52.2,持续观察
C1000,67,76,50,54,84,24.4,低风险
